"Game_ID";"Score_hole_1";"Score_hole_2";"Score_hole_3";"Score_hole_4";"Score_hole_5";"Score_hole_6";"Score_hole_7";"Score_hole_8";"Score_hole_9";"Score_hole_10";"Score_hole_11";"Score_hole_12";"Score_hole_13";"Score_hole_14";"Score_hole_15";"Score_hole_16";"Score_hole_17";"Score_hole_18"
1;5;4;4;3;6;6;4;4;5;6;5;5;3;5;3;6;3;4
2;3;4;5;5;5;4;4;3;4;4;4;4;3;3;4;5;4;4
3;3;4;5;3;5;5;3;4;4;6;3;5;3;8;3;4;3;5
4;5;6;6;3;6;3;5;3;4;6;4;7;4;8;3;4;3;5
5;5;8;7;4;6;4;5;3;5;7;6;3;3;5;4;5;5;6
6;5;5;4;3;9;6;5;3;5;5;6;7;4;5;4;5;3;5
7;5;4;4;5;5;5;4;3;3;6;6;5;5;5;4;4;3;6
8;4;5;8;4;7;3;5;3;5;5;4;4;3;4;4;5;3;5
9;4;3;4;3;5;5;6;4;7;6;5;6;6;6;4;5;4;5
10;4;5;8;4;6;4;5;4;4;5;7;7;3;5;5;4;5;6
11;5;5;6;4;6;3;5;4;5;6;6;9;3;4;3;4;4;5
12;4;6;4;3;5;4;6;3;3;5;4;3;3;4;4;4;3;4
13;4;4;5;4;6;4;5;5;4;6;4;5;3;4;3;5;4;5
14;5;5;4;3;5;5;4;3;6;6;4;5;3;4;3;4;4;4
15;6;7;4;7;6;6;5;4;6;7;4;7;4;5;5;5;3;4
16;6;5;4;4;6;6;5;4;4;7;6;7;8;5;3;5;3;4
17;7;5;7;4;5;4;5;4;6;6;4;5;3;5;6;4;3;6
18;7;5;6;3;6;5;5;4;4;6;6;5;4;6;3;6;4;8
19;4;4;6;3;5;4;4;3;4;7;4;4;3;4;4;6;3;4
20;4;4;5;3;5;4;4;4;4;5;8;5;4;5;3;4;4;5
21;5;5;7;3;7;5;5;4;5;6;5;4;3;6;5;6;3;5
22;5;5;6;4;6;5;4;3;4;6;4;6;7;6;7;4;3;6
23;5;7;5;3;7;6;4;3;7;6;5;4;4;5;5;4;3;4
24;7;6;5;4;5;6;5;4;6;6;6;6;3;5;5;4;3;5
25;4;3;4;4;5;4;3;4;4;6;5;5;3;4;3;5;4;6
26;5;6;3;4;5;5;5;4;5;7;5;5;3;6;4;4;5;4
27;5;5;5;5;8;4;4;4;5;6;4;4;5;4;4;7;3;6
28;4;3;5;3;5;4;6;3;7;6;5;5;5;5;4;5;4;4
29;6;4;4;3;6;5;3;4;4;6;4;5;4;6;4;4;3;4
30;5;8;6;4;7;4;4;3;4;6;4;4;3;4;4;5;3;4
31;6;7;3;3;7;4;6;3;5;6;5;4;5;3;3;6;4;4
32;4;5;3;3;8;4;4;3;4;6;3;6;3;5;3;5;3;7
33;4;6;5;3;6;3;7;4;6;5;5;4;3;5;3;5;3;5
34;5;5;6;5;5;5;5;3;5;6;7;5;3;4;4;6;5;5
35;4;4;7;4;7;5;5;3;5;6;3;7;5;4;4;4;3;6
36;5;4;4;4;5;4;5;3;4;4;8;6;4;4;3;6;3;5
37;6;5;5;4;7;4;5;4;4;7;8;5;6;4;5;5;4;4
38;4;4;4;4;5;4;4;3;4;5;6;6;4;5;3;4;3;4
39;3;4;4;3;6;4;4;4;4;4;4;5;3;5;3;3;3;6
40;3;3;3;4;9;5;7;3;5;6;3;4;4;4;3;5;3;5
41;5;5;7;4;6;4;5;3;5;5;6;4;3;4;3;4;4;5
42;5;6;3;4;5;5;6;4;5;8;5;5;3;6;4;4;5;4
43;5;7;3;7;4;7;7;4;5;8;6;6;5;8;4;8;6;7
44;7;7;4;4;6;5;4;4;4;7;4;6;3;5;3;4;3;5
45;4;4;5;4;6;6;4;3;4;5;4;6;4;6;4;6;6;6
46;4;5;4;4;5;5;5;3;4;6;4;5;3;5;3;4;3;5
47;5;6;4;4;5;5;7;4;5;7;6;5;3;6;4;4;5;6
48;5;4;3;4;5;5;4;3;4;4;7;7;5;5;3;6;3;4
49;4;3;4;4;6;4;6;4;4;6;4;3;3;4;3;3;4;6
50;6;4;4;4;7;5;5;5;4;6;4;5;4;6;3;6;5;5
51;6;4;5;3;6;8;6;3;3;7;5;5;3;6;4;6;5;5
52;6;6;5;4;6;6;6;3;4;6;6;5;4;4;4;4;4;6
53;4;4;4;3;7;4;3;3;4;7;5;4;3;5;3;5;4;6
54;4;4;3;4;6;5;5;4;3;6;6;6;3;5;4;3;4;5
55;6;5;4;4;7;4;4;4;4;8;8;5;6;4;5;5;4;3
56;6;4;6;5;6;4;5;4;4;6;6;6;3;6;3;5;3;5
57;5;4;4;3;6;5;4;3;4;5;5;5;3;4;3;5;3;3
58;6;4;6;3;6;4;6;4;5;5;4;7;6;6;4;7;4;5
59;4;6;7;4;7;4;5;3;4;5;7;4;3;4;4;4;4;4
60;4;4;6;4;5;3;5;3;4;5;4;4;3;5;3;5;3;4
61;4;5;5;3;4;7;7;3;5;5;6;6;3;4;3;5;5;5
62;4;3;7;4;6;5;4;3;5;6;5;6;5;6;3;5;4;7
63;7;5;6;4;6;5;4;3;4;6;6;4;3;4;4;6;3;5
64;5;4;4;5;7;5;4;6;4;5;5;5;4;5;3;5;3;4
65;5;5;4;5;6;7;4;4;4;6;5;7;4;5;4;6;4;5
66;3;6;4;3;8;5;5;4;5;6;5;6;4;6;3;7;3;7
67;4;5;4;4;5;3;5;3;4;5;4;4;3;3;3;5;3;4
68;5;5;5;4;7;5;6;4;5;7;6;5;3;5;3;6;3;5
69;5;5;5;5;6;7;6;4;4;6;5;7;4;5;4;6;4;7
70;5;6;4;4;5;5;7;4;5;7;5;5;3;6;4;4;5;6
71;5;6;4;4;7;6;6;4;4;6;6;5;5;6;3;6;4;6
72;5;5;3;4;6;4;3;4;4;5;4;5;4;4;5;4;3;5
73;5;7;8;3;8;4;5;3;5;6;6;6;3;4;4;4;5;6
74;5;4;5;3;5;5;4;3;4;7;3;4;3;5;3;4;4;5
75;4;4;4;3;7;4;5;3;5;5;6;4;3;4;4;6;3;4
76;4;4;5;4;6;5;5;4;4;9;6;5;3;5;3;4;4;8
77;5;4;6;5;6;7;7;4;4;6;6;9;4;6;4;4;4;8
78;3;5;3;4;5;7;5;3;6;8;3;4;3;6;3;4;3;6
79;4;6;6;5;6;4;5;3;5;5;4;5;3;4;4;8;5;5
80;5;5;8;3;7;4;5;3;5;6;6;3;3;5;5;6;3;4
81;5;5;5;4;7;4;5;4;4;6;5;4;3;5;4;5;3;8
82;5;5;4;4;7;3;5;3;4;6;6;4;3;5;3;4;3;5
83;6;5;5;4;6;6;6;4;4;6;7;7;8;5;3;5;3;6
84;4;5;4;3;5;6;5;3;4;4;6;5;5;4;3;4;3;6
85;4;6;6;4;7;5;5;3;4;5;7;5;4;5;4;4;4;5
86;3;3;3;3;5;5;4;3;4;4;5;5;4;4;4;4;4;4
87;7;8;3;3;7;5;4;3;5;6;5;5;6;4;3;6;4;4
88;4;6;6;4;7;5;5;3;4;5;7;5;4;5;4;4;4;5
89;6;5;4;5;6;5;5;4;5;5;6;6;6;4;3;5;3;5
90;5;5;4;4;6;3;4;3;4;5;4;4;3;3;5;4;3;6
91;5;5;5;4;6;4;4;5;4;6;4;5;3;4;3;5;4;4
92;5;4;5;4;5;3;5;3;4;5;5;5;3;5;4;5;3;4
93;6;8;3;7;4;7;5;4;5;8;6;6;5;8;4;8;5;5
94;3;3;5;4;6;6;4;3;4;6;4;6;3;6;3;6;6;8
95;4;4;5;3;6;4;3;3;4;5;4;5;4;5;3;5;3;5
96;5;4;4;4;5;4;4;3;4;5;5;4;3;3;3;3;3;4
97;5;4;4;4;5;4;5;4;4;5;5;6;4;6;4;5;3;5
98;4;3;3;4;7;6;5;5;7;6;4;7;3;5;4;4;6;7
99;3;3;3;3;7;4;5;3;5;5;5;4;3;4;4;6;3;4
100;6;3;4;4;6;4;6;4;6;6;4;7;5;5;3;5;4;7
101;6;4;5;4;6;5;4;3;4;6;5;4;3;4;4;6;3;5
102;6;4;5;4;7;7;4;3;4;4;4;4;4;5;4;3;3;5
103;3;4;3;3;6;5;4;4;5;7;4;4;3;3;4;4;3;4
104;3;3;3;4;9;5;8;3;5;5;3;4;4;4;4;5;3;5
105;3;5;5;3;6;6;4;4;5;8;5;6;4;5;4;5;4;4
106;3;4;4;4;5;6;4;4;7;9;7;7;3;7;4;6;6;6
107;6;4;9;7;7;4;6;3;4;7;5;5;4;4;5;5;4;6
108;6;6;7;4;6;3;5;3;6;5;5;6;4;5;5;5;5;4
109;4;5;6;4;6;5;4;6;4;6;6;8;3;6;5;4;5;5
110;6;5;5;3;6;6;5;3;3;5;4;6;3;5;4;5;6;5
111;3;4;5;3;6;6;5;4;5;7;5;6;4;5;4;5;4;5
112;5;5;8;3;7;4;5;3;5;6;5;3;3;5;5;6;3;4
113;3;4;5;3;5;6;3;5;4;6;4;6;4;5;3;4;3;5
114;6;4;3;4;6;5;3;3;4;7;4;7;4;6;4;5;4;4
115;3;3;5;4;6;4;5;3;4;9;5;4;3;4;3;4;4;7
116;5;4;4;4;7;6;5;5;7;6;4;7;3;5;4;4;5;7
117;5;5;7;3;7;5;5;4;5;6;6;4;3;6;5;6;3;5
118;6;4;6;4;7;5;4;3;4;4;4;3;3;4;4;3;3;4
119;5;4;4;4;5;4;3;4;4;5;5;5;3;4;4;5;4;4
120;4;5;4;4;6;4;6;4;4;6;6;5;4;5;4;6;4;6
121;5;5;6;4;6;4;5;5;4;6;4;5;3;4;3;5;4;5
122;4;5;5;4;5;5;6;3;4;5;4;5;4;6;3;4;3;4
123;4;4;3;4;6;3;4;3;4;4;4;5;3;5;3;5;3;4
124;5;5;4;3;6;9;4;3;5;7;4;5;5;5;4;7;4;4
125;3;4;5;3;5;6;4;5;4;5;4;6;5;5;3;4;3;5
126;5;5;5;4;8;5;6;5;4;7;4;6;3;6;3;6;4;8
127;5;6;6;3;5;3;4;3;4;4;5;4;3;4;4;4;3;6
128;4;3;5;4;6;5;4;3;4;5;5;5;3;5;4;4;4;4
129;6;4;5;5;6;4;4;4;4;7;5;6;3;6;3;5;3;4
130;5;4;6;3;6;4;5;4;4;6;4;4;3;4;4;5;3;5
131;3;3;5;3;5;3;4;3;4;5;7;4;3;4;3;4;4;4
132;4;5;7;3;6;4;7;4;4;6;5;5;4;4;5;4;5;5
133;5;4;4;4;6;6;6;4;4;6;6;7;8;5;3;5;3;6
134;4;3;3;3;4;5;4;3;4;5;5;5;5;7;4;4;3;4
135;5;6;5;4;7;5;5;5;6;7;5;6;4;6;4;6;6;6
136;5;5;4;4;8;5;5;5;4;8;4;6;3;6;3;6;4;6
137;5;5;5;5;5;7;5;3;5;6;6;6;4;5;4;6;5;6
138;4;4;4;3;5;5;6;5;5;6;4;6;3;4;4;4;4;5
139;6;5;6;4;7;3;5;3;4;7;8;4;5;3;5;5;4;3
140;5;7;6;3;7;5;4;4;6;6;6;6;4;6;4;6;3;6
141;6;4;3;4;5;4;5;4;4;5;4;5;4;4;5;4;3;5
142;3;5;5;3;6;6;4;4;5;7;5;6;4;5;4;5;4;4
143;6;5;4;5;6;6;8;3;5;5;5;5;4;5;3;6;3;7
144;5;5;5;5;8;4;4;4;5;6;4;4;5;4;4;7;3;6
145;5;5;4;3;6;6;4;4;4;6;7;6;5;7;4;5;5;4
146;4;6;5;4;6;6;4;5;5;6;5;5;3;6;3;3;3;4
147;4;4;5;3;5;5;4;3;4;7;4;5;4;5;4;6;3;5
148;4;3;4;3;6;5;4;3;4;6;5;5;3;4;3;5;3;4
149;5;5;5;3;6;9;5;3;5;6;4;5;5;5;4;7;4;6
150;5;5;4;3;7;4;4;3;4;4;5;6;5;6;3;4;6;6
151;3;5;6;4;5;4;5;4;3;6;3;3;3;3;3;4;4;4
152;5;5;5;3;5;5;5;3;6;5;4;5;3;4;3;4;4;5
153;5;7;6;3;6;3;7;4;6;5;6;4;3;5;3;5;3;5
154;4;4;4;3;6;9;4;3;5;7;4;5;4;5;3;7;4;6
155;5;5;4;4;7;3;5;3;4;6;5;5;4;6;3;4;3;6
156;3;3;5;4;4;4;5;3;5;5;4;5;5;4;3;4;3;3
157;5;4;4;4;7;4;5;4;4;7;8;5;6;4;5;5;4;4
158;4;5;6;5;7;5;5;3;5;7;4;5;7;6;3;6;3;8
159;5;6;6;4;7;4;4;3;5;7;5;5;4;9;3;5;3;5
160;5;4;6;5;6;7;7;4;4;6;6;9;4;6;4;4;4;8
161;5;4;6;4;6;5;7;3;5;6;6;5;5;5;7;5;3;33
162;5;6;7;5;7;5;6;3;5;6;4;5;9;6;4;6;3;8
163;3;3;3;3;8;4;3;5;4;7;4;5;3;4;3;5;3;4
164;4;5;6;3;6;6;7;5;4;6;5;6;5;5;5;4;5;6
165;5;4;4;4;7;4;5;4;7;6;4;6;3;4;4;4;5;6
166;4;5;4;4;8;5;4;3;7;4;4;6;4;4;3;5;3;5
167;3;3;4;3;4;6;4;4;4;6;4;6;3;5;3;4;3;5
168;5;4;4;3;8;4;5;3;5;6;6;5;4;6;4;5;3;4
169;7;5;4;4;6;4;4;3;4;5;4;4;3;4;3;5;3;4
170;4;6;4;3;5;4;6;3;3;5;4;3;3;4;4;4;3;4
171;4;4;4;3;5;5;4;3;6;6;4;5;3;4;3;4;4;5
172;4;5;5;3;6;5;5;3;4;6;7;5;4;6;4;5;3;5
173;4;4;6;3;6;5;3;5;4;6;6;6;3;5;4;6;4;4
174;4;4;3;3;5;5;4;3;5;5;4;5;3;4;4;4;4;5
175;5;5;6;4;7;4;6;4;5;7;6;5;3;5;4;5;3;6
176;4;4;3;3;8;4;3;5;4;6;4;5;3;4;3;5;3;3
177;3;4;5;5;6;5;4;4;4;6;6;5;3;5;4;5;4;5
178;4;3;4;4;5;6;5;3;4;6;4;4;3;4;3;6;3;6
179;4;4;4;5;5;4;5;3;4;5;4;4;3;4;3;4;3;3
180;4;6;3;4;8;5;7;4;5;5;8;5;4;7;6;6;5;8
181;5;3;5;3;6;4;4;3;4;5;4;4;3;5;4;4;3;4
182;4;3;3;6;5;4;6;3;4;5;4;5;3;5;4;7;4;5
183;4;5;5;3;6;5;9;3;4;7;4;5;4;5;5;5;4;5
184;5;7;5;3;6;4;7;5;6;5;6;5;4;6;3;5;3;6
185;6;5;3;4;6;4;4;4;4;6;5;6;4;7;3;4;3;6
186;4;6;6;3;7;4;4;3;6;6;6;5;3;5;4;6;3;5
187;3;6;4;4;5;5;5;3;4;6;9;7;4;6;4;5;3;5
188;3;5;6;4;5;4;5;4;3;6;3;3;3;3;3;4;4;4
189;6;4;3;4;5;4;5;4;4;5;4;5;4;4;5;4;3;5
190;3;4;3;3;6;4;6;3;5;7;4;3;3;4;4;5;3;6
191;6;5;4;3;6;6;4;3;3;6;4;6;3;5;4;5;6;4
192;4;4;3;4;6;5;4;4;3;7;5;6;3;5;4;3;4;4
193;5;4;5;3;6;5;5;3;4;5;6;5;3;4;3;5;3;4
194;4;5;3;4;7;6;6;4;4;6;5;5;5;6;3;6;4;6
195;5;6;4;6;7;4;5;4;5;4;8;5;4;5;3;7;3;4
196;7;4;4;4;5;4;7;3;5;5;7;5;3;4;4;5;4;4
197;3;5;7;3;6;4;5;3;5;7;6;5;3;4;4;5;4;4
198;6;6;6;4;6;4;5;3;6;5;5;7;5;6;5;5;5;5
199;5;4;5;3;6;6;3;3;5;5;4;6;3;4;3;4;3;4
200;8;8;5;4;6;5;5;4;4;6;4;6;4;5;4;4;3;5
201;4;5;4;4;7;5;5;3;4;5;4;5;3;4;4;5;4;6
202;5;5;5;5;8;4;4;4;5;6;4;4;5;4;4;7;3;6
203;4;4;3;3;7;3;4;3;4;4;5;5;4;5;3;4;7;5
204;3;5;4;4;8;4;5;3;7;7;4;5;3;5;4;4;3;6
205;6;4;5;3;6;5;4;4;4;5;4;5;4;6;4;4;3;5
206;4;4;3;3;5;5;4;5;5;6;4;6;3;4;4;4;4;4
207;4;3;5;3;3;4;5;3;5;6;5;5;3;4;3;5;6;6
208;6;7;7;4;5;3;6;3;4;5;5;3;3;4;3;4;3;4
209;5;4;6;5;7;4;6;4;4;5;5;4;3;4;3;5;3;5
210;3;4;5;3;6;3;5;3;4;4;4;4;4;4;4;4;3;5
211;3;3;7;4;7;4;5;3;5;6;3;6;6;3;4;4;3;5
212;5;5;7;4;6;3;5;4;4;6;4;4;3;3;3;5;4;4
213;4;5;7;4;7;4;5;4;5;5;4;5;4;5;4;5;3;6
214;3;3;3;3;8;4;4;5;4;6;4;5;3;4;3;5;3;4
215;5;4;4;6;5;6;6;4;4;5;4;6;3;6;4;7;4;6
216;4;3;5;5;6;7;7;4;4;6;5;9;4;6;4;4;4;8
217;3;4;5;3;6;6;5;4;5;7;5;6;4;5;4;5;4;5
218;5;5;6;5;6;5;6;3;4;6;6;6;4;4;4;6;4;6
219;5;4;7;5;6;5;7;3;4;6;6;8;3;5;4;4;4;7
220;3;3;3;3;5;5;5;5;5;7;4;6;3;4;3;4;4;5
221;4;4;6;3;5;4;4;3;4;7;4;4;3;4;4;6;3;4
222;4;4;5;3;5;4;5;3;4;5;3;7;5;4;3;5;3;5
223;4;4;4;4;5;4;4;3;4;5;6;4;3;3;4;7;3;4
224;3;3;4;4;6;5;5;4;4;9;5;5;3;5;3;4;4;8
225;5;5;4;4;7;5;5;5;4;6;5;5;3;6;4;5;3;9
226;3;4;4;3;6;5;4;3;4;7;6;5;3;6;3;5;3;5
227;4;4;5;4;6;6;4;5;4;7;7;5;3;5;3;5;4;4
228;4;5;6;5;6;5;5;4;4;5;6;5;4;5;5;5;4;5
229;4;4;5;3;5;4;5;3;5;5;4;5;5;3;3;4;3;5
230;3;3;3;3;5;3;5;3;4;5;5;5;3;3;4;4;4;4
231;5;5;5;4;6;4;4;3;6;6;5;7;4;6;4;5;5;5
232;3;3;3;4;6;5;5;4;3;6;5;6;3;5;4;3;4;5
233;4;4;4;4;5;4;3;3;4;7;4;5;3;4;4;4;4;4
234;7;6;6;5;6;4;8;3;5;5;5;4;3;4;3;6;3;6
235;4;6;4;3;5;5;6;4;3;5;4;4;4;5;4;4;3;5
236;5;6;6;3;5;5;5;3;5;5;4;5;3;5;5;5;3;6
237;6;5;3;4;6;3;4;3;4;6;5;5;3;6;3;4;3;5
238;5;4;4;3;8;4;5;3;5;6;6;5;4;6;4;5;3;4
239;5;3;4;3;4;5;4;3;4;5;6;5;5;7;4;4;3;4
240;4;4;5;4;5;4;3;3;4;6;4;5;3;4;4;4;4;6
241;4;4;6;4;6;3;5;4;4;6;4;4;3;3;3;5;4;4
242;5;4;7;4;6;4;7;3;5;6;5;4;4;4;7;5;3;9
243;7;4;4;4;5;6;7;3;5;5;7;6;4;5;4;5;4;5
244;5;4;4;3;5;5;4;4;4;6;5;5;4;6;4;4;3;4
245;3;3;3;3;4;4;5;4;4;5;4;5;4;4;5;4;4;5
246;3;4;5;3;6;6;4;4;5;8;5;6;3;5;3;5;4;5
247;3;4;4;3;6;5;9;3;4;7;4;5;4;5;5;5;4;5
248;4;3;3;3;8;4;4;3;5;7;5;5;3;6;3;5;3;4
249;4;5;4;4;5;4;5;5;5;6;4;5;3;5;3;5;4;5
250;4;6;5;4;6;5;5;3;5;4;6;4;4;6;4;5;4;6
251;5;4;4;4;6;7;4;3;5;5;4;5;4;4;4;4;3;6
252;3;3;3;4;6;3;4;3;4;4;4;5;3;5;3;5;3;5
253;4;4;5;4;7;4;6;3;5;7;5;4;3;4;3;6;3;4
254;7;4;4;5;8;4;7;4;6;5;7;8;4;5;5;7;6;5
255;6;4;7;5;6;3;5;3;4;6;6;5;3;5;3;5;3;4
256;4;4;4;4;4;5;4;3;5;5;4;6;4;5;3;4;3;3
257;6;4;4;3;6;8;5;3;3;8;5;5;3;6;4;6;5;4
258;5;5;7;4;6;4;4;3;4;6;4;5;6;5;7;4;3;5
259;4;7;5;4;5;5;5;3;4;6;30;7;4;6;4;5;3;5
260;5;4;5;4;5;4;6;3;4;5;4;6;4;4;3;4;3;4
261;4;5;4;3;6;4;4;4;3;5;5;5;5;7;4;4;5;4
262;3;3;3;4;6;4;6;4;4;6;4;3;3;4;3;3;4;6
263;5;5;5;5;6;7;6;4;4;6;6;7;4;5;4;6;4;7
264;7;8;4;3;7;5;6;3;5;6;6;5;6;4;3;6;4;5
265;3;6;4;4;6;5;4;6;4;7;6;9;4;6;4;5;6;8
266;4;3;5;4;6;5;7;3;5;6;5;5;5;5;7;5;3;33
267;7;5;5;4;5;5;4;5;6;7;4;6;4;6;6;4;3;5
268;4;5;6;3;4;6;7;3;5;5;7;6;3;4;3;5;5;5
269;4;4;4;3;5;5;5;3;6;5;4;5;3;4;3;4;4;5
270;5;4;7;4;6;5;3;3;5;6;5;6;5;6;3;5;4;5
271;7;5;5;4;6;7;4;4;4;6;6;5;4;5;4;6;3;6
272;8;5;5;5;8;4;7;4;6;5;7;8;4;5;5;7;5;5
273;7;6;5;5;6;6;8;3;5;5;6;5;4;5;3;6;3;7
274;4;4;5;3;9;4;7;3;4;5;6;5;4;;5;4;3;6
275;5;4;5;3;3;5;5;3;5;6;6;6;4;5;3;5;5;7
276;5;4;4;4;7;6;5;5;7;6;4;7;3;5;4;4;5;7
277;5;4;6;4;7;4;5;3;5;6;7;5;4;5;3;5;3;3
278;3;4;5;3;7;5;5;4;4;5;6;5;4;5;3;5;3;4
279;3;3;5;3;6;5;3;4;4;7;4;5;3;5;3;6;3;5
280;4;5;5;3;6;5;9;3;4;7;4;5;4;5;5;5;4;5
281;6;4;7;5;6;3;5;3;4;6;5;5;3;5;3;5;3;4
282;5;5;5;3;6;7;5;3;4;8;5;6;4;5;5;5;3;6
283;6;7;4;7;6;6;4;4;6;6;4;7;4;5;5;5;3;4
284;3;3;4;3;7;5;4;4;4;6;5;5;3;5;3;5;3;4
285;4;4;3;3;9;6;5;3;5;5;6;7;4;5;4;5;3;5
286;7;5;5;3;6;6;5;3;5;6;4;6;4;6;5;5;4;8
287;3;4;3;3;5;5;4;3;4;8;6;7;3;4;3;4;3;6
288;6;4;8;7;7;6;6;4;4;7;5;6;5;5;5;5;4;7
289;6;5;8;4;6;4;7;3;4;6;5;4;3;5;5;4;3;4
290;5;6;6;3;7;5;8;5;5;5;8;5;6;6;5;5;3;6
291;4;5;6;5;6;5;5;4;4;5;7;5;4;5;5;5;4;5
292;6;3;5;4;6;3;6;3;6;6;4;6;4;4;3;5;4;6
293;3;3;4;3;5;4;4;3;5;6;4;5;4;3;3;4;3;5
294;3;6;5;4;5;4;5;3;4;6;9;6;3;5;4;5;3;4
295;5;3;6;5;6;3;5;3;4;6;5;5;3;5;3;5;3;4
296;4;4;4;3;5;4;4;3;5;5;4;5;5;3;3;4;3;4
297;5;4;4;3;5;4;4;5;5;5;5;5;6;3;4;4;5;4
298;6;4;6;3;6;3;5;3;4;6;5;5;3;3;6;4;3;6
299;4;4;5;3;5;4;5;3;4;5;3;7;5;4;3;5;3;5
300;4;4;5;3;5;6;5;4;4;8;7;6;4;6;3;5;6;8
301;4;5;5;6;7;3;6;3;5;4;8;4;3;4;3;7;3;5
302;5;4;6;6;8;4;6;3;6;6;6;4;4;3;4;4;4;4
303;4;5;4;4;8;4;4;3;7;4;4;5;3;3;3;5;3;4
304;3;3;5;3;5;4;4;3;4;7;4;4;3;4;4;6;3;4
305;4;4;6;4;6;3;5;3;4;7;4;5;5;5;4;6;3;6
306;6;6;5;4;7;5;5;5;4;6;6;5;3;6;4;5;3;9
307;5;3;5;5;6;4;4;4;4;7;5;6;3;6;3;5;3;5
308;5;4;6;3;3;4;5;3;5;6;6;5;3;4;3;5;5;6
309;6;5;4;4;5;6;4;4;6;7;6;6;3;5;4;4;3;5
310;5;4;6;4;6;3;6;4;4;5;5;4;5;4;4;7;4;7
311;7;4;4;4;6;6;4;3;4;4;5;6;4;6;3;4;3;3
312;4;3;5;4;6;3;5;3;4;7;4;3;3;4;3;5;3;5
313;3;3;4;3;9;4;6;3;4;6;6;5;3;0;4;4;3;6
314;3;4;6;3;6;5;3;4;4;6;4;5;3;5;4;6;3;5
315;5;7;7;3;8;6;5;3;5;6;6;7;3;5;4;4;5;7
316;5;7;5;3;6;4;7;5;6;5;6;5;4;6;3;5;3;6
317;5;5;4;4;5;3;5;3;4;6;5;4;4;4;4;4;3;5
318;4;5;6;3;5;6;4;5;4;5;4;6;5;5;3;4;3;5
319;3;4;5;3;6;5;3;4;4;7;4;5;3;5;4;6;3;4
320;4;4;5;3;5;5;4;3;4;5;3;5;3;4;3;5;4;4
321;3;3;3;4;5;6;3;4;4;6;6;5;3;4;3;7;3;5
322;3;3;3;4;6;4;5;3;5;5;5;4;4;3;4;5;3;4
323;5;6;7;5;7;5;6;3;5;6;4;5;9;6;4;6;3;8
324;4;3;4;3;5;5;5;4;4;5;5;5;4;6;4;4;3;6
325;4;6;6;3;7;4;5;3;7;6;5;3;3;4;5;4;3;4
326;4;5;5;3;6;4;6;4;3;5;6;5;5;7;4;4;5;5
327;7;8;3;3;7;5;5;3;5;7;5;5;6;4;3;6;4;4
328;6;4;5;3;6;5;4;4;4;5;4;5;4;6;4;4;3;5
329;5;6;8;5;7;4;6;3;5;6;4;4;8;5;4;6;3;7
330;5;5;4;3;9;6;5;3;5;5;7;7;4;5;4;5;3;5
331;5;6;6;4;6;4;5;3;5;7;6;3;3;7;4;6;4;5
332;3;5;6;3;5;5;3;4;4;5;3;5;4;8;3;4;3;5
333;4;4;5;4;6;5;4;4;5;6;5;5;3;5;3;4;4;6
334;6;5;6;4;7;3;5;3;4;7;9;4;5;3;5;5;4;3
335;4;5;4;4;6;5;4;4;5;8;5;4;3;8;3;6;4;6
336;4;4;4;3;8;3;4;4;4;6;4;4;3;3;3;5;3;3
337;3;4;3;3;5;6;5;3;4;4;5;5;5;4;3;4;3;6
338;3;3;3;3;6;4;3;3;5;6;4;5;3;5;3;5;4;4
339;5;7;5;3;7;6;4;3;7;7;5;4;4;5;5;4;3;4
340;6;4;5;3;6;4;4;4;5;5;4;7;6;6;4;7;4;4
341;6;5;4;4;6;6;4;4;4;6;6;7;8;5;3;5;3;4
342;4;4;3;3;7;4;4;3;4;4;5;6;5;6;3;4;7;6
343;5;4;5;3;5;4;5;5;5;5;6;5;6;3;4;4;5;5
344;4;3;5;6;8;4;6;3;6;6;5;4;4;3;4;4;4;4
345;4;5;4;3;5;7;4;4;5;6;4;6;3;6;4;5;3;7
346;5;5;4;4;5;4;5;4;4;6;5;5;5;5;4;4;3;6
347;5;4;5;4;5;4;4;4;4;5;5;5;3;4;4;5;4;6
348;5;8;5;4;7;6;4;3;4;6;4;5;4;5;4;5;3;5
349;4;3;4;4;6;4;6;5;4;5;5;5;6;5;4;7;4;8
350;4;5;7;4;6;4;4;4;4;6;6;5;3;5;3;5;4;3
351;3;4;4;5;5;5;4;3;4;4;4;5;3;4;4;5;4;5
352;4;4;3;4;7;5;4;4;4;6;6;6;3;5;3;4;3;4
353;4;4;5;3;5;5;4;3;4;5;3;5;3;4;3;5;4;4
354;4;4;4;3;6;4;4;4;4;6;4;6;4;5;3;6;3;5
355;3;4;4;3;4;6;4;4;6;6;4;5;4;6;3;5;4;5
356;5;4;3;4;5;4;3;3;4;4;4;4;6;5;3;4;3;4
357;3;5;3;3;5;5;6;4;3;5;4;4;4;5;4;4;3;5
358;3;4;3;3;5;4;5;3;4;7;6;6;3;3;4;4;3;5
359;3;3;4;4;7;5;3;3;4;6;6;5;3;5;4;4;3;4
360;5;5;6;4;6;4;5;3;4;7;4;6;6;6;4;6;3;7
361;4;6;4;3;6;4;6;5;6;6;5;5;3;6;3;5;3;6
362;3;4;5;4;6;5;3;5;4;7;5;6;3;6;3;5;4;4
363;3;5;5;4;6;6;4;5;5;7;5;5;3;6;3;3;3;5
364;6;5;3;5;7;4;4;5;5;6;5;5;4;5;4;4;4;4
365;4;4;5;4;5;5;5;4;4;6;4;6;4;4;3;4;3;3
366;4;4;7;4;7;4;4;3;3;6;4;4;3;4;4;4;3;4
367;6;4;4;3;6;4;4;3;4;6;5;6;3;4;6;4;3;5
368;3;3;5;4;4;4;5;3;4;6;4;3;3;3;3;4;3;6
369;4;5;5;3;6;6;5;5;4;6;5;6;5;5;5;4;5;4
370;5;4;5;4;8;6;5;3;4;7;5;5;4;6;3;3;4;7
371;4;5;4;3;5;7;5;4;5;5;4;6;4;6;5;5;3;7
372;5;4;4;4;8;6;4;3;4;7;5;5;4;6;3;3;4;5
373;4;4;4;5;8;4;4;4;5;6;4;4;5;4;4;7;3;6
374;5;6;3;4;7;6;5;4;4;7;5;5;5;6;3;6;4;4
375;3;6;4;4;5;5;6;3;6;7;3;3;3;5;3;4;3;5
376;4;5;5;4;7;4;6;5;5;6;4;5;4;5;4;4;4;6
377;4;6;5;4;7;5;4;3;4;5;6;5;4;5;4;4;4;4
378;4;3;6;3;5;6;3;5;5;8;4;5;4;5;3;4;3;4
379;4;7;6;4;6;4;4;4;4;7;6;8;3;5;4;5;5;7
380;5;4;4;4;6;5;4;3;5;5;4;4;4;3;4;4;3;5
381;7;5;6;4;6;5;4;3;4;6;5;4;3;4;4;6;3;5
382;6;8;4;7;4;5;7;3;5;8;6;5;4;7;4;8;5;6
383;5;5;4;3;5;5;4;3;6;5;4;5;3;4;3;4;4;4
384;4;4;3;4;6;4;5;4;5;6;5;6;4;5;4;5;3;4
385;5;6;4;4;6;5;4;3;4;5;5;5;3;5;4;5;4;5
386;4;4;4;4;6;4;4;4;4;5;4;5;3;4;4;6;4;4
387;4;4;4;3;5;4;5;3;4;5;6;6;3;4;4;4;4;5
388;4;5;3;3;6;4;6;3;5;7;4;3;3;4;4;5;3;6
389;5;6;5;4;7;5;4;4;5;7;6;6;5;30;3;5;3;6
390;6;5;6;4;6;5;6;3;4;7;5;5;3;6;5;4;3;4
391;5;5;5;4;7;5;6;6;5;7;6;6;4;6;4;5;3;7
392;4;4;5;3;6;4;5;3;4;5;7;5;4;6;4;5;6;4
393;5;7;5;3;7;6;5;3;4;7;6;5;4;6;3;5;3;5
394;4;4;4;3;5;4;6;4;5;6;4;5;3;3;4;4;4;4
395;4;4;4;4;5;5;4;4;4;7;4;6;4;4;3;4;3;3
396;3;3;3;3;5;5;4;3;5;5;4;5;3;4;4;4;4;5
397;5;4;6;3;5;4;4;3;4;7;3;3;3;4;3;4;4;4
398;8;5;6;5;8;3;7;3;6;5;8;7;3;4;5;7;5;4
399;4;5;6;4;7;3;6;4;5;6;4;4;3;4;4;4;4;5
400;3;4;5;3;7;5;5;4;4;5;5;5;4;5;3;5;3;4
401;4;3;5;3;6;4;5;3;5;6;5;4;3;4;3;6;3;4
402;5;5;6;3;6;4;5;3;4;5;8;5;4;6;4;5;5;4
403;4;4;4;4;6;5;5;3;5;5;6;5;5;4;4;5;3;5
404;3;5;4;5;7;6;5;4;4;6;4;5;4;5;3;5;5;6
405;4;4;3;4;7;5;4;3;5;5;6;6;4;5;3;4;3;4
406;8;4;7;4;5;3;5;3;7;4;8;5;3;3;3;5;4;5
407;5;4;9;4;6;4;4;3;5;6;6;5;4;5;3;5;4;6
408;4;7;5;4;7;4;4;3;4;6;4;4;3;4;4;5;3;4
409;5;4;4;5;6;5;4;4;5;5;6;5;4;8;3;6;3;4
410;7;6;5;5;6;6;8;3;5;5;5;5;4;5;3;6;3;7
411;3;3;4;4;5;4;3;3;4;7;4;5;3;4;3;4;4;6
412;5;4;3;4;5;4;3;3;4;4;4;4;6;5;3;4;3;4
413;4;5;3;4;5;5;4;3;4;6;4;5;3;5;3;4;3;4
414;3;5;7;3;5;4;3;3;4;5;3;4;3;7;3;4;3;4
415;4;5;4;4;5;5;5;3;4;6;4;5;3;5;3;4;3;5
416;5;7;6;3;6;4;5;3;4;6;5;5;4;4;5;5;4;4
417;5;5;6;3;6;3;4;4;5;6;7;4;3;3;3;5;3;4
418;4;4;4;4;7;5;5;4;4;6;7;6;3;5;3;4;3;5
419;4;6;5;3;7;5;4;4;6;6;6;6;4;6;4;6;3;6
420;4;7;4;4;5;5;4;3;4;7;9;7;4;6;4;5;3;4
421;3;5;6;3;5;5;3;4;4;5;3;5;4;8;3;4;3;5
422;4;5;5;4;6;4;5;3;5;7;5;3;3;7;4;6;4;5
423;8;8;4;4;6;5;4;4;4;7;4;6;4;5;4;4;3;4
424;6;5;3;5;6;5;4;4;5;5;5;6;6;4;3;5;3;4
425;5;3;5;4;7;5;4;3;4;4;4;3;3;4;4;3;3;4
426;4;3;4;4;6;5;6;5;4;6;4;4;4;5;3;3;4;7
427;3;3;6;3;8;6;5;6;8;7;4;7;3;4;4;7;3;4
428;3;6;3;4;5;7;4;3;6;7;3;4;3;6;3;4;3;4
429;4;5;3;3;6;7;3;5;5;7;4;5;3;4;4;4;3;4
430;5;4;3;5;6;4;5;3;5;5;5;5;5;3;3;5;3;4
431;4;4;3;3;5;4;4;3;4;6;5;6;3;4;4;4;4;4
432;5;6;3;3;8;4;4;3;4;6;3;6;3;5;3;5;3;5
433;4;4;4;4;6;4;4;6;5;7;5;6;3;5;3;4;4;6
434;3;3;3;3;5;5;6;5;5;6;4;6;3;4;4;4;4;5
435;4;3;4;4;5;4;5;3;4;6;4;6;3;4;3;4;3;4
436;3;5;5;5;5;5;4;3;4;4;4;5;3;4;4;5;4;5
437;4;4;4;4;6;4;4;4;4;6;4;5;3;4;4;6;4;4
438;4;4;4;4;5;3;4;3;4;5;6;5;3;4;3;4;3;3
439;4;4;4;4;6;4;5;3;5;5;5;4;4;3;4;5;3;4
440;5;6;5;4;7;5;4;4;5;7;6;6;5;30;3;5;3;6
441;5;6;4;4;6;5;3;4;5;6;5;6;4;5;4;5;3;4
442;4;5;6;4;6;5;3;4;4;7;5;6;4;5;3;5;4;4
443;6;4;6;3;6;4;6;4;5;5;4;7;6;6;4;7;4;5
444;4;6;6;4;6;4;5;3;5;4;5;3;4;5;4;5;4;5
445;5;7;7;5;6;4;6;3;6;4;5;5;3;6;6;5;7;3
446;4;5;3;3;7;7;3;3;6;6;5;5;3;5;3;6;3;4
447;4;4;4;3;6;9;5;3;5;6;4;5;5;5;4;7;4;6
448;3;4;4;4;5;3;8;3;4;5;4;3;3;3;3;4;3;4
449;4;4;4;3;7;6;5;4;5;5;5;5;4;5;4;6;3;5
450;5;4;8;4;6;5;4;3;5;6;6;6;5;6;3;5;4;7
451;5;4;5;5;7;5;6;6;4;5;6;5;4;5;3;5;3;6
452;4;5;5;3;5;6;4;3;5;7;7;6;5;4;5;5;4;5
453;5;4;4;3;5;5;4;3;4;6;7;4;4;5;3;5;4;6
454;5;5;4;5;8;4;3;4;5;6;4;4;5;4;4;7;3;4
455;5;5;4;3;7;4;3;4;4;7;4;5;6;5;4;4;3;5
456;4;4;4;4;5;5;4;3;4;4;5;5;3;4;3;3;3;5
457;4;5;4;3;5;5;5;3;4;7;7;7;4;4;4;4;3;6
458;3;3;3;5;4;3;4;3;4;5;4;4;5;4;5;4;3;6
459;4;7;5;4;5;5;5;3;4;6;9;7;4;6;4;5;3;5
460;5;5;4;4;5;6;4;3;5;6;5;5;3;3;4;5;3;4
461;5;4;4;3;6;6;5;3;3;5;4;6;3;5;4;5;7;5
462;4;5;6;5;5;5;6;4;6;5;6;6;5;6;4;6;4;6
463;4;7;6;4;5;4;5;3;4;6;9;6;3;5;4;5;3;4
464;8;8;4;4;6;5;4;4;4;6;4;6;4;5;4;4;3;4
465;4;4;5;3;7;5;6;3;4;6;4;5;3;5;3;4;3;6
466;3;3;6;4;7;4;4;3;4;6;6;4;3;4;4;4;3;4
467;4;7;4;4;6;5;3;6;4;7;6;9;4;6;4;5;5;6
468;7;4;4;4;5;6;7;3;5;5;7;6;4;5;4;5;4;5
469;4;4;3;5;6;4;4;4;4;5;5;4;5;4;4;4;4;4
470;5;4;6;3;5;3;5;4;5;5;5;4;5;3;4;4;5;4
471;4;4;4;5;5;7;4;3;5;7;6;6;3;5;3;6;5;6
472;4;4;4;5;4;4;4;4;4;5;4;5;4;5;5;4;3;7
473;4;6;4;5;6;6;4;3;5;6;4;6;4;5;4;8;5;4
474;5;6;5;4;6;5;5;4;5;7;6;4;4;8;4;6;4;6
475;4;4;5;3;7;3;4;3;4;6;5;3;3;4;3;5;4;5
476;3;4;4;4;5;3;8;4;4;5;4;3;3;3;3;4;3;4
477;4;4;3;4;5;4;5;4;4;6;5;5;5;5;4;4;3;6
478;9;4;4;3;8;6;6;4;7;7;4;8;4;5;3;5;6;5
479;4;5;4;4;5;3;5;3;4;5;4;4;3;3;3;5;3;4
480;5;6;4;4;7;6;6;4;4;6;5;5;5;6;3;6;4;6
481;3;4;6;4;6;5;3;4;4;8;5;6;3;5;3;5;4;5
482;4;4;5;4;6;4;3;5;4;5;4;4;3;4;3;5;3;4
483;6;5;3;3;6;5;5;6;4;8;4;6;3;5;5;4;4;4
484;6;6;6;5;5;5;5;7;5;6;4;6;4;5;4;5;3;6
485;5;4;6;6;6;4;6;3;5;6;8;4;3;6;4;5;4;4
486;3;3;3;4;6;4;4;3;4;6;3;6;4;5;4;4;4;5
487;3;4;4;3;5;5;5;3;4;5;3;5;3;5;3;4;3;4
488;4;4;7;3;6;4;4;4;5;7;5;7;4;6;3;6;3;4
489;4;4;4;3;4;6;4;4;4;5;4;6;4;5;3;4;3;4
490;4;4;6;4;6;4;5;3;4;9;6;4;3;4;3;4;4;7
491;5;7;5;3;7;5;3;4;6;7;6;6;4;6;4;6;3;4
492;5;6;5;4;5;4;6;5;5;5;4;5;4;5;4;5;4;5
493;4;4;4;3;4;6;4;4;4;6;4;6;4;5;3;4;3;4
494;6;4;4;4;7;6;4;3;6;8;5;5;4;6;3;8;4;6
495;5;4;5;4;6;4;6;3;4;6;6;6;7;4;3;5;3;5
496;4;4;7;4;7;4;4;3;3;6;4;4;3;4;4;4;3;4
497;5;4;6;4;6;5;6;3;4;7;5;5;3;6;4;4;3;5
498;3;3;5;4;7;5;4;4;3;6;4;5;4;5;4;4;3;5
499;5;5;5;3;6;4;5;4;4;5;4;6;5;5;3;6;3;5
500;6;5;5;4;7;4;5;4;4;7;9;5;6;4;5;5;4;4
501;4;4;5;3;7;3;4;3;6;7;5;5;4;4;3;4;7;5
502;4;6;4;3;5;5;6;4;3;5;4;4;4;5;4;4;3;5
503;5;5;6;4;6;5;4;3;4;6;4;6;7;6;7;4;3;6
504;8;4;7;4;5;3;5;3;7;4;7;5;3;3;3;5;4;5
505;6;6;5;5;9;9;7;4;5;6;4;5;7;4;6;4;4;7
506;4;3;4;3;5;4;5;5;5;5;5;5;6;3;4;4;6;5
507;5;7;4;3;7;6;4;3;4;8;5;5;4;6;3;5;3;4
508;3;3;4;3;5;4;5;3;3;6;5;5;3;3;3;5;3;5
509;6;4;6;4;7;5;4;3;4;4;4;3;3;4;4;3;3;4
510;3;3;5;3;4;4;5;3;4;5;4;5;4;4;4;4;4;4
511;5;6;7;3;6;4;4;3;4;6;6;5;3;5;3;6;4;5
512;5;5;6;5;5;5;5;3;5;6;6;5;3;4;4;6;5;5
513;6;5;5;3;6;6;5;3;3;5;4;6;3;5;4;5;6;5
514;4;7;5;4;6;5;4;6;4;7;7;9;4;6;4;5;5;8
515;4;4;3;4;6;4;6;4;4;6;6;5;4;5;4;6;4;6
516;4;3;4;3;5;5;5;4;7;7;5;6;4;6;3;5;4;5
517;3;4;3;5;7;4;5;3;4;6;4;4;3;4;3;5;6;5
518;4;4;4;4;5;4;4;4;4;5;4;5;3;5;4;4;4;6
519;4;6;3;3;6;5;4;3;5;6;4;5;3;5;4;5;3;3
520;3;5;6;3;6;6;5;4;5;7;5;6;4;5;4;5;4;5
521;4;3;4;4;6;4;6;4;4;6;4;3;3;4;3;3;4;6
522;7;5;5;3;6;6;5;3;5;6;4;6;4;6;5;5;4;8
523;5;4;4;5;6;5;6;4;5;6;4;5;4;5;4;4;3;5
524;3;4;3;4;5;4;5;3;4;6;4;4;3;4;3;4;3;4
525;4;5;4;3;5;4;5;3;4;4;5;4;4;3;3;4;3;5
526;4;4;6;3;5;3;4;3;4;5;7;4;3;4;3;4;4;4
527;4;4;5;3;4;6;5;4;4;5;4;6;4;5;3;4;3;5
528;6;4;6;3;8;6;5;3;5;8;3;6;4;6;3;5;3;7
529;6;5;3;4;6;4;3;4;4;7;5;6;3;7;3;4;3;6
530;4;5;6;3;5;6;4;5;4;5;4;6;5;5;3;4;3;5
531;4;4;3;4;6;4;3;4;4;6;4;5;3;4;4;4;3;7
532;6;4;5;3;6;5;5;4;4;6;5;5;4;6;3;6;4;8
533;4;4;4;3;5;4;4;3;5;4;6;4;3;4;3;3;3;4
534;4;4;5;4;4;5;5;3;4;6;4;4;3;4;3;4;3;7
535;5;5;5;4;6;4;6;3;4;6;6;4;3;3;4;4;4;5
536;6;4;5;3;6;5;4;4;4;7;5;5;3;6;3;6;4;8
537;6;6;4;4;7;5;4;5;4;6;5;5;3;6;4;5;3;7
538;5;4;4;3;6;5;6;4;4;5;3;5;4;4;4;4;3;5
539;5;5;4;4;6;4;4;6;5;7;5;5;4;5;3;4;4;4
540;5;3;4;3;4;5;4;3;4;5;6;5;5;7;4;4;3;4
541;4;5;6;3;7;4;8;4;5;5;7;4;5;5;5;5;3;5
542;4;5;6;3;6;5;4;4;5;6;6;6;4;5;4;4;4;9
543;4;4;4;3;5;4;5;3;3;5;4;4;3;4;4;4;4;4
544;4;5;4;4;6;6;5;4;5;6;6;4;3;4;3;4;3;6
545;5;5;4;3;7;4;3;3;4;6;5;4;3;5;3;5;4;4
546;4;4;4;5;6;4;5;4;4;5;6;4;5;4;4;4;4;5
547;4;4;3;3;5;5;4;3;5;5;4;5;3;4;4;4;4;5
548;5;4;6;4;8;4;5;3;4;7;5;4;3;5;3;3;4;6
549;4;4;4;3;5;4;5;3;3;6;5;5;4;3;4;5;3;4
550;4;3;3;3;6;5;5;4;4;6;3;5;3;4;3;4;3;5
551;4;4;5;3;5;4;5;3;5;5;4;5;5;3;3;4;3;5
552;5;6;4;4;7;6;6;4;4;6;6;5;5;6;3;6;4;6
553;4;4;5;3;6;3;5;3;4;5;4;5;4;4;3;6;3;4
554;4;4;8;3;6;4;5;4;5;7;6;7;4;6;3;6;3;5
555;6;4;5;4;6;3;6;3;5;5;6;5;5;4;3;7;4;7
556;5;6;6;4;6;4;6;3;4;5;5;4;3;4;4;5;4;6
557;4;4;5;3;5;4;5;4;4;5;4;5;3;5;4;5;4;5
558;5;4;5;5;6;7;6;4;4;7;5;9;4;6;4;4;4;6
559;5;6;7;4;7;4;7;4;6;7;5;5;3;5;4;6;6;7
560;4;4;3;4;6;3;5;3;4;4;4;5;3;5;3;5;3;5
561;4;3;4;3;6;5;5;5;4;6;4;5;3;5;4;5;3;6
562;4;4;6;3;5;3;4;3;4;5;8;4;3;4;3;4;4;4
563;4;4;4;3;5;5;3;3;4;7;4;5;4;5;4;6;3;4
564;3;6;4;4;6;5;3;6;4;8;6;9;3;6;3;5;5;8
565;5;4;4;3;5;5;4;3;4;6;6;4;4;5;3;5;4;6
566;4;4;6;3;8;6;5;6;8;7;4;7;4;4;6;7;3;3
567;5;5;4;4;7;3;5;3;4;6;6;5;4;6;3;4;3;6
568;5;4;4;4;5;5;5;3;4;4;7;7;5;5;3;6;3;6
569;4;5;5;3;6;5;9;3;4;7;4;5;4;5;5;5;4;5
570;4;7;4;3;8;5;4;4;5;6;5;6;4;6;3;7;3;5
571;4;6;7;4;6;4;5;4;5;6;5;4;3;5;3;3;3;4
572;7;5;4;4;6;4;5;4;5;6;6;6;6;5;3;7;4;6
573;3;3;5;3;7;4;6;3;4;6;4;4;3;4;3;4;3;5
574;3;5;5;4;5;6;5;5;3;6;3;4;4;3;3;4;4;5
575;7;5;3;4;6;5;3;3;4;5;4;5;3;5;3;5;3;4
576;4;4;5;3;5;5;4;3;4;7;4;5;4;5;4;6;3;5
577;7;5;7;4;4;4;5;4;7;5;7;6;5;4;3;5;4;3
578;3;3;6;3;8;6;6;6;8;6;4;7;4;4;6;7;3;4
579;4;4;7;4;7;5;5;3;5;6;3;7;5;4;4;4;3;6
580;4;4;3;3;5;4;4;3;4;5;5;6;3;4;4;4;4;4
581;4;4;4;4;6;3;7;3;5;6;6;5;3;4;4;5;3;4
582;4;4;4;4;5;6;4;4;4;5;6;5;4;4;4;7;3;5
583;5;3;5;3;8;6;5;3;5;8;3;6;4;6;3;5;3;7
584;5;7;4;3;6;5;4;3;4;7;5;6;5;5;5;5;4;4
585;3;4;5;3;6;6;7;5;4;6;5;6;5;5;5;4;6;6
586;4;4;4;4;4;3;5;4;4;5;4;4;3;4;4;4;3;4
587;5;4;3;4;6;7;3;3;5;6;4;5;4;4;4;4;3;4
588;4;4;3;4;6;5;5;4;3;6;6;6;3;5;4;3;4;5
589;5;4;4;3;8;4;5;3;5;6;5;5;4;6;4;5;3;4
590;3;3;4;4;7;5;3;3;4;7;6;5;3;5;3;4;3;5
591;5;4;5;4;6;4;6;5;4;5;6;5;6;5;4;7;4;8
592;5;6;4;3;8;4;5;3;4;5;3;6;3;5;3;5;3;7
593;4;3;6;4;6;5;6;3;4;5;6;5;3;5;4;4;4;6
594;5;4;4;4;5;5;5;3;4;4;8;7;5;5;3;6;3;6
595;5;4;4;4;8;5;4;4;5;6;6;6;4;6;3;5;3;5
596;5;7;6;5;6;5;6;3;6;4;6;6;3;7;6;5;7;4
597;4;4;4;3;5;4;4;3;3;5;5;5;4;3;4;5;3;4
598;5;8;4;4;7;6;3;3;4;6;4;5;4;5;4;5;3;4
599;4;4;5;4;6;4;5;4;4;5;4;5;3;4;4;6;4;5
600;5;5;3;4;7;3;4;3;4;6;5;5;4;6;3;4;3;4
601;5;4;5;3;5;5;6;4;7;6;5;6;6;6;4;5;4;5
602;6;4;3;4;5;4;4;4;4;6;4;5;4;4;5;4;3;4
603;8;5;4;5;8;4;5;4;6;5;7;8;4;5;5;7;5;4
604;4;4;8;3;6;4;5;4;5;7;6;7;4;6;3;6;3;5
605;7;5;5;4;7;6;5;3;6;7;6;5;5;6;4;8;4;6
606;5;4;5;4;6;5;6;3;5;7;5;5;5;5;7;5;3;8
607;3;4;3;4;5;5;5;3;4;6;5;5;3;5;3;4;3;4
608;4;4;5;4;6;5;5;4;4;9;6;5;3;5;3;4;4;8
609;6;4;4;4;6;5;4;3;4;6;4;7;4;6;4;5;4;5
610;3;3;3;4;6;3;7;3;5;6;5;5;3;4;4;5;3;4
611;3;3;6;3;5;6;4;5;5;8;4;5;4;5;3;4;3;5
612;4;7;4;4;5;5;4;3;4;6;9;7;4;6;4;5;3;4
613;5;4;6;4;8;4;6;3;5;6;7;5;3;5;3;5;3;6
614;3;3;6;4;7;5;4;3;5;7;3;7;4;4;3;4;3;6
615;3;3;7;3;5;4;4;4;5;8;4;4;3;4;3;4;3;4
616;4;4;4;4;7;5;5;4;5;8;5;5;3;5;3;6;3;5
617;4;3;4;4;6;4;5;3;4;7;4;4;4;5;3;5;3;6
618;3;3;4;3;6;4;3;3;4;6;4;5;3;5;3;5;3;5
619;5;4;5;5;6;5;5;4;5;5;7;5;4;8;3;6;3;6
620;4;5;4;3;5;4;4;3;4;4;5;5;3;5;4;4;3;7
621;5;5;4;4;5;4;5;4;4;6;6;5;5;5;4;4;3;6
622;4;4;4;3;5;6;4;4;4;8;6;6;4;6;3;5;6;6
623;6;5;3;4;6;4;3;4;4;7;5;6;3;7;3;4;3;6
624;3;3;3;4;6;5;6;3;4;7;5;6;3;4;4;5;4;5
625;5;4;5;3;5;5;4;3;4;7;3;4;3;5;3;4;4;5
626;5;5;5;4;6;6;6;4;5;9;6;5;5;6;3;4;5;6
627;5;7;8;3;8;4;5;3;5;6;5;6;3;4;4;4;5;6
628;4;5;6;4;5;4;6;3;4;5;4;4;3;5;3;4;3;3
629;4;5;5;4;7;4;6;5;5;6;4;5;4;5;4;4;4;6
630;4;3;4;3;6;5;5;3;4;5;5;5;3;4;3;5;3;4
631;5;8;7;4;6;4;5;4;5;7;7;3;3;5;4;5;5;6
632;4;4;6;4;5;6;5;4;5;5;6;5;3;5;3;4;3;6
633;3;6;5;3;8;4;5;3;5;6;5;5;3;5;3;7;3;6
634;4;5;5;3;5;5;5;3;5;5;4;5;3;5;5;5;3;6
635;4;5;6;3;4;6;7;3;5;5;6;6;3;4;3;5;5;5
636;4;5;7;3;6;4;4;3;5;6;6;5;3;4;4;4;4;8
637;5;4;4;3;5;5;4;4;4;5;5;5;4;6;4;4;3;4
638;4;7;5;3;7;5;5;4;5;8;9;5;5;5;5;8;3;5
639;5;5;4;3;7;4;3;4;6;8;5;6;5;5;3;4;6;4
640;4;3;6;3;5;6;3;5;5;9;4;5;4;5;3;4;3;4
641;7;4;4;4;6;4;4;4;6;6;4;7;5;5;3;5;4;5
642;5;5;4;4;7;3;5;3;4;6;6;5;4;6;3;4;3;6
643;5;5;7;4;6;4;5;3;5;5;5;4;3;4;3;4;4;5
644;5;4;4;3;8;3;5;3;5;6;5;4;3;5;4;5;3;3
645;4;5;7;4;6;5;5;6;4;5;6;8;3;6;5;4;5;7
646;5;5;7;4;6;4;4;3;4;6;4;5;6;5;7;4;3;5
647;3;4;3;3;5;5;4;3;4;5;3;5;4;5;4;4;5;4
648;5;7;7;5;6;4;6;3;6;4;6;5;3;6;6;5;7;3
649;5;4;3;3;6;5;6;6;4;7;4;6;3;5;5;4;4;6
650;4;5;5;4;6;4;4;4;4;5;4;4;4;6;3;5;4;5
651;4;4;5;7;5;6;5;6;4;4;6;6;5;4;5;5;3;5
652;4;3;3;3;5;5;3;3;4;7;6;4;3;5;3;5;4;6
653;3;5;5;4;5;6;5;4;7;8;8;7;4;7;6;6;6;6
654;4;5;4;4;5;5;4;3;4;5;4;5;4;6;3;4;3;3
655;5;4;5;4;5;4;6;3;4;5;4;6;4;4;3;4;3;4
656;3;4;3;4;6;6;5;4;5;6;5;4;3;4;3;4;3;6
657;4;4;6;3;7;5;4;4;5;7;5;4;3;6;4;6;3;5
658;4;4;3;4;6;5;5;3;4;6;5;6;4;4;5;5;4;4
659;5;5;4;5;5;7;4;3;5;7;6;6;4;5;4;6;5;4
660;4;5;6;3;6;4;5;3;4;6;7;4;3;5;4;5;3;4
661;7;8;4;3;7;4;6;3;5;6;5;4;5;3;3;6;4;4
662;7;5;6;4;4;5;5;6;7;5;7;7;6;5;3;5;4;4
663;3;5;5;5;5;5;4;3;4;4;4;5;3;4;4;5;4;5
664;3;4;3;3;6;7;4;5;5;7;4;5;3;4;4;4;3;5
665;4;6;5;4;8;4;6;3;7;6;4;5;3;5;5;4;3;6
666;4;8;6;3;4;3;5;3;4;6;6;4;3;4;3;5;5;3
667;5;4;4;5;6;5;6;4;5;6;4;5;4;5;4;4;3;5
668;7;4;7;5;9;7;4;5;4;7;5;5;4;4;3;4;6;7
669;5;4;6;4;6;3;6;4;4;5;6;4;5;4;4;7;4;7
670;3;3;3;5;4;4;4;4;4;5;4;5;4;5;5;4;3;7
671;4;4;3;3;5;5;3;3;4;4;5;5;4;4;3;4;4;4
672;5;4;3;4;5;5;4;3;4;4;7;7;5;5;3;6;3;4
673;3;3;5;3;6;5;3;4;4;6;4;5;3;5;4;6;3;5
674;5;4;6;4;6;3;5;3;4;7;4;3;3;4;3;5;3;5
675;4;5;4;4;6;4;6;4;4;6;7;5;4;5;4;6;4;6
676;5;5;7;4;6;4;4;4;4;7;8;4;3;4;3;5;4;3
677;4;5;5;3;7;5;7;5;5;6;7;5;4;6;4;5;3;6
678;3;7;4;3;4;4;5;3;4;6;5;5;3;5;3;5;6;4
679;4;4;4;3;5;4;4;4;4;5;4;5;3;5;4;5;4;4
680;5;5;4;5;5;7;4;3;5;6;6;6;4;5;4;6;5;4
681;4;5;6;3;6;5;4;4;5;6;5;6;4;5;4;4;4;9
682;6;5;6;4;6;5;5;3;4;6;5;5;3;6;5;4;3;4
683;4;7;5;3;8;5;5;4;5;6;6;6;4;6;3;7;3;7
684;4;5;6;5;7;5;6;3;5;6;4;5;9;6;4;6;3;8
685;4;5;5;3;6;5;4;4;4;6;5;6;4;6;3;6;4;6
686;7;4;5;4;6;4;6;4;6;6;4;7;5;5;3;5;4;7
687;4;5;6;4;6;3;4;3;4;5;4;3;3;5;3;5;4;4
688;4;6;6;5;6;4;5;3;5;5;4;5;3;4;4;8;5;5
689;5;6;5;3;5;7;5;4;5;5;4;6;4;6;5;5;3;7
690;4;4;4;3;5;3;5;3;4;5;5;5;3;3;4;4;4;4
691;4;5;3;4;5;5;4;3;4;7;4;5;3;5;3;4;3;4
692;5;4;3;5;7;4;5;5;5;5;5;5;4;5;4;4;4;6
693;4;5;6;5;6;5;5;4;4;5;7;5;4;5;5;5;4;5
694;4;5;4;3;5;5;5;3;4;7;7;7;4;4;4;4;3;6
695;3;3;3;4;7;5;6;3;5;5;6;6;4;5;3;4;3;5
696;4;4;4;4;5;4;4;3;4;5;5;6;4;5;3;4;3;4
697;3;3;3;4;6;4;5;3;3;6;5;5;3;4;4;3;4;4
698;4;4;4;3;4;4;5;3;4;5;4;5;3;4;3;4;3;5
699;4;5;5;3;4;6;5;4;6;5;4;5;5;6;3;5;4;5
700;3;3;6;3;6;5;4;5;4;5;6;6;3;5;4;6;4;5
701;3;5;5;4;8;3;6;3;7;6;4;4;3;4;5;4;3;5
702;6;4;4;4;7;5;5;5;4;6;4;5;4;6;3;6;5;5
703;6;5;4;3;6;5;6;6;4;7;4;6;3;5;5;4;4;6
704;5;3;6;3;6;3;6;3;5;5;4;6;5;5;4;7;4;4
705;6;4;5;3;6;4;5;3;4;6;6;6;3;4;6;4;3;7
706;4;7;6;3;7;4;5;3;5;8;8;4;4;4;5;8;3;4
707;5;5;5;4;5;6;5;3;5;6;6;5;3;3;4;5;3;5
708;5;5;4;3;6;7;4;3;4;9;5;6;4;5;5;5;3;4
709;4;6;6;4;6;6;5;5;5;6;5;5;3;6;3;3;3;5
710;6;6;5;5;9;9;7;4;5;6;4;5;7;4;6;4;4;7
711;4;4;5;3;6;4;3;3;4;5;4;5;4;5;3;5;3;5
712;4;5;4;4;7;5;5;3;4;5;4;5;3;4;4;5;4;6
713;4;7;5;4;6;5;4;6;4;7;6;9;4;6;4;5;5;8
714;5;5;6;4;6;6;4;5;4;7;7;5;3;5;3;5;4;4
715;3;3;3;4;7;5;4;4;4;7;6;6;3;5;3;4;3;5
716;3;3;5;3;5;3;5;3;5;5;4;4;4;3;3;4;5;5
717;3;5;6;3;6;6;5;4;5;7;6;6;4;5;4;5;4;5
718;5;5;5;3;7;4;4;4;6;7;6;6;5;5;3;4;6;6
719;5;4;4;3;6;6;4;4;5;7;5;5;3;5;3;6;3;4
720;4;3;4;4;5;4;6;3;4;5;4;6;4;4;3;4;3;4
721;5;8;5;4;6;5;4;3;5;8;6;4;4;6;4;5;5;5
722;5;4;4;4;5;4;4;3;4;4;4;4;6;5;3;4;3;5
723;5;5;5;3;6;4;4;6;5;6;7;5;3;4;3;5;3;5
724;4;4;4;4;6;5;4;4;4;9;5;5;3;5;3;4;4;6
725;4;6;5;5;6;5;5;3;6;4;5;6;3;7;4;5;7;4
726;4;4;6;3;6;3;3;3;4;5;4;4;3;4;3;5;3;4
727;5;5;5;4;6;5;3;3;4;7;4;6;7;6;7;4;3;4
728;4;4;4;4;5;4;4;3;4;5;7;4;3;3;4;7;3;4
729;5;5;5;3;7;4;4;3;4;6;5;4;3;5;3;5;4;6
730;5;4;4;3;6;5;4;5;4;7;4;5;3;5;4;5;3;4
731;5;4;4;3;3;5;4;3;5;6;5;6;4;5;3;5;5;5
732;3;5;4;5;5;5;3;3;4;4;4;5;3;4;4;5;4;4
733;6;3;7;5;9;5;4;4;4;7;5;4;3;3;3;4;7;6
734;4;5;3;3;6;7;4;5;5;7;4;5;3;4;4;4;3;5
735;4;5;3;4;7;5;4;3;4;6;4;5;3;4;4;5;4;4
736;3;3;4;4;5;4;3;3;4;6;4;5;3;4;4;4;4;6
737;4;3;3;4;5;5;5;3;4;4;7;7;5;5;3;6;3;6
738;3;3;3;4;5;4;4;4;4;5;4;5;3;5;4;4;4;6
739;7;6;4;4;6;4;4;4;4;6;6;6;4;7;3;4;3;6
740;6;4;7;7;7;6;5;4;4;8;5;6;5;5;5;5;4;5
741;7;4;5;4;6;4;6;4;6;6;4;7;5;5;3;5;4;7
742;5;4;5;5;6;7;5;4;4;6;5;9;4;6;4;4;4;6
743;3;3;5;4;7;5;3;4;3;7;4;5;3;5;3;4;3;5
744;4;4;5;3;7;3;4;3;4;6;4;4;5;4;4;4;3;6
745;4;5;5;4;7;5;7;5;6;7;5;6;4;6;4;6;7;8
746;4;6;5;5;6;6;5;3;5;5;4;6;4;5;4;8;5;6
747;4;5;7;5;6;4;5;3;4;5;7;4;3;4;5;5;4;4
748;7;8;4;3;7;5;6;3;5;6;5;5;6;4;3;6;4;5
749;3;3;4;3;7;5;5;4;4;5;5;5;4;5;3;5;3;4
750;3;3;6;4;6;4;5;3;4;5;4;5;3;5;4;6;7;7
751;6;4;6;3;5;3;5;3;4;6;5;4;3;4;4;6;3;4
752;3;4;3;3;7;7;4;3;6;5;5;5;3;5;3;6;3;5
753;8;5;6;5;8;3;7;3;6;5;7;7;3;4;5;7;5;4
754;4;4;5;3;7;5;6;3;4;6;4;5;3;5;3;4;3;6
755;5;6;8;4;6;4;5;3;5;5;5;4;3;5;5;4;4;5
756;4;5;7;4;6;4;4;4;4;6;5;5;3;5;3;5;4;3
757;4;4;4;3;5;4;6;4;5;6;4;5;3;3;4;4;4;4
758;6;4;5;4;4;5;4;6;7;6;6;7;4;5;3;5;4;4
759;5;5;4;3;7;4;4;3;4;4;6;6;5;6;3;4;6;6
760;7;5;6;4;5;5;5;5;6;6;4;6;4;6;6;4;3;7
761;7;5;7;3;6;4;5;3;4;6;6;4;3;5;3;6;4;7
762;6;4;6;5;6;4;4;3;4;5;5;4;3;4;5;6;3;5
763;5;6;5;7;6;4;6;3;6;6;4;6;3;4;5;5;3;4
764;3;4;5;4;5;4;5;4;3;6;3;3;3;3;3;4;4;4
765;5;5;5;4;5;6;3;4;5;6;5;5;5;4;5;4;3;4
766;5;4;4;4;5;4;5;3;4;4;7;6;4;4;3;6;3;5
767;3;3;4;7;5;6;5;6;4;4;5;6;5;4;5;5;3;5
768;4;3;6;5;6;5;7;3;4;6;5;8;3;5;4;4;4;7
769;3;5;3;3;6;5;5;3;5;7;4;5;3;5;3;5;3;4
770;5;4;4;3;5;4;4;5;5;6;5;5;6;3;4;4;5;4
771;5;5;6;4;7;4;6;3;5;7;6;4;3;4;3;6;3;4
772;5;4;4;4;7;4;5;4;7;6;4;6;3;4;4;4;5;6
773;5;6;4;4;5;4;7;3;5;7;6;4;3;5;4;4;5;5
774;4;4;4;4;6;4;7;4;5;6;6;6;4;5;4;5;3;5
775;4;5;8;4;6;4;4;3;4;7;5;5;3;4;3;5;4;4
776;7;4;7;5;9;7;4;5;4;7;6;5;4;4;3;4;6;7
777;5;5;7;3;7;5;5;4;5;6;6;4;3;6;5;6;3;5
778;5;6;8;4;6;4;5;3;5;5;6;4;3;5;5;4;4;5
779;5;6;7;4;6;5;5;4;5;5;6;5;4;6;5;4;4;6
780;4;4;6;3;5;3;6;3;3;5;5;4;3;3;4;5;3;4
781;4;6;4;5;6;6;4;3;5;5;4;6;4;5;4;8;5;4
782;4;5;6;4;5;4;6;3;4;5;4;4;3;5;3;4;3;3
783;5;6;4;4;6;5;5;3;4;6;5;5;3;5;4;5;4;5
784;6;4;5;4;5;5;4;5;6;7;4;6;3;6;4;4;3;7
785;5;5;6;4;6;5;4;3;4;6;4;6;7;6;7;4;3;6
786;3;6;4;4;5;7;6;3;6;7;3;4;3;6;3;4;3;6
787;4;5;4;3;5;4;5;4;4;4;6;4;4;3;3;4;3;5
788;5;5;4;3;6;4;3;6;5;7;7;5;3;4;3;5;3;4
789;5;6;4;4;5;5;7;4;5;7;6;5;3;6;4;4;5;6
790;7;6;4;5;6;6;7;3;5;6;5;5;4;5;3;6;3;5
791;3;4;3;4;5;4;7;3;4;6;4;4;3;4;3;4;3;4
792;3;3;4;3;5;5;3;3;4;6;3;5;3;4;3;5;4;4
793;3;3;3;4;6;4;7;4;5;6;5;6;4;5;4;5;3;5
794;4;6;6;4;7;5;5;3;4;5;6;5;4;5;4;4;4;5
795;5;5;5;3;6;4;4;6;5;6;8;5;3;4;3;5;3;5
796;4;5;8;3;6;4;6;3;4;6;5;4;3;6;4;5;3;4
797;4;6;7;3;8;4;5;3;5;6;5;6;3;4;4;4;6;6
798;5;4;6;4;6;5;7;3;5;6;5;5;5;5;7;5;3;33
799;4;4;4;5;4;3;4;3;4;5;4;4;4;4;5;4;3;6
800;5;5;7;3;7;5;5;4;5;6;6;4;3;6;5;6;3;5
801;4;4;5;3;4;6;5;4;4;5;4;6;4;5;3;4;3;5
802;7;3;5;4;5;4;4;3;7;4;7;6;3;4;3;5;4;6
803;6;3;6;5;9;7;4;5;4;7;5;5;4;4;3;4;7;7
804;4;3;4;6;6;6;6;3;5;6;7;5;4;7;4;5;4;5
805;4;5;3;3;8;4;5;3;4;5;3;6;3;5;3;5;3;7
806;4;4;4;4;7;5;6;6;5;7;6;6;4;6;4;5;3;7
807;4;5;6;3;4;4;5;3;6;5;4;4;4;5;3;5;4;4
808;4;3;3;3;5;4;4;3;4;6;6;3;3;4;3;5;4;5
809;4;7;4;3;7;5;4;4;5;8;8;5;5;5;5;8;3;4
810;5;4;3;3;6;4;6;4;4;7;4;5;3;4;5;4;4;5
811;5;4;5;6;8;5;6;4;6;6;5;5;5;4;4;4;4;5
812;7;5;7;4;4;4;5;4;7;5;6;6;5;4;3;5;4;3
813;3;3;3;4;5;4;3;4;4;6;4;5;3;5;3;4;4;6
814;3;4;6;3;6;5;3;4;4;6;4;5;3;5;4;6;3;5
815;4;5;6;3;5;4;4;3;5;7;7;5;5;3;5;5;4;4
816;5;4;4;4;5;3;4;3;4;4;4;3;5;4;3;4;3;4
817;7;5;4;3;6;6;4;3;5;6;4;6;4;6;5;5;4;6
818;7;4;5;4;6;6;5;3;4;4;5;6;4;6;3;4;3;4
819;4;4;4;3;6;4;4;3;5;5;4;5;4;5;4;5;4;4
820;5;4;4;3;6;5;4;5;4;6;4;5;3;5;4;5;3;4
821;4;4;4;5;6;7;6;4;4;6;5;7;4;5;4;6;4;7
822;5;5;7;3;7;5;5;4;5;6;5;4;3;6;5;6;3;5
823;5;7;4;3;6;4;6;5;6;6;5;5;4;6;3;5;3;4
824;4;3;4;3;5;5;4;3;4;7;3;4;3;5;3;4;4;5
825;3;4;5;3;4;4;5;3;6;5;4;4;4;5;3;5;4;4
826;4;4;5;3;5;4;6;3;3;5;6;5;4;3;4;5;3;5
827;3;4;4;3;6;4;5;4;3;6;5;5;4;7;3;4;5;5
828;4;4;5;3;6;6;3;3;5;5;4;6;3;4;3;4;3;4
829;5;5;6;4;5;6;4;4;5;5;5;5;5;4;5;4;3;5
830;4;3;4;4;6;5;6;5;4;6;4;4;4;5;3;3;4;7
831;4;5;4;3;6;4;5;4;4;6;4;8;5;9;3;4;3;6
832;4;5;4;4;6;3;6;3;4;6;7;4;3;4;4;6;4;5
833;5;4;5;6;8;5;6;4;6;6;6;5;5;4;4;4;4;5
834;3;3;3;3;5;4;6;4;5;6;4;5;3;3;4;4;4;4
835;5;3;4;3;6;4;5;3;4;6;5;6;3;4;6;4;3;7
836;4;4;8;3;8;4;6;4;8;6;4;6;3;3;6;7;3;3
837;6;5;4;5;7;3;5;4;5;5;6;4;3;4;4;4;4;5
838;4;5;5;3;6;4;5;4;4;4;4;5;3;5;3;3;3;6
839;4;6;6;4;8;3;6;3;7;6;4;4;3;4;5;4;3;5
840;4;4;4;3;9;4;5;3;4;5;6;5;4;0;5;4;3;4
841;5;5;6;4;5;4;5;3;5;6;5;4;3;3;4;5;3;4
842;5;5;6;4;6;4;5;3;4;7;4;6;6;6;4;6;3;7
843;5;5;3;3;7;4;3;3;4;4;5;6;5;6;3;4;6;4
844;6;5;4;5;6;5;5;4;5;5;6;6;6;4;3;5;3;5
845;6;7;6;7;6;4;6;3;6;6;4;6;3;4;5;5;3;4
846;3;3;4;5;5;6;3;4;4;6;4;6;3;5;6;4;3;6
847;5;6;4;3;8;3;5;3;4;5;3;5;3;4;3;5;3;6
848;4;5;6;4;6;5;4;5;4;6;5;6;4;6;3;5;4;4
849;5;7;5;5;6;5;4;3;6;4;5;6;3;7;6;5;7;3
850;4;3;4;4;5;6;4;3;4;7;4;4;3;4;3;6;3;6
851;4;5;5;4;7;4;6;5;5;6;4;5;4;5;4;4;4;6
852;4;5;6;3;6;3;6;3;3;5;5;4;4;6;4;4;5;4
853;4;3;4;3;3;5;4;3;5;7;5;6;3;5;3;5;5;7
854;5;4;5;5;6;5;5;4;5;5;7;5;4;8;3;6;3;6
855;5;4;4;3;3;5;4;3;5;7;5;6;4;5;3;5;5;5
856;3;4;6;4;7;4;4;4;5;6;4;5;3;5;4;5;3;6
857;3;4;7;3;6;4;3;3;4;6;4;4;3;4;4;6;3;4
858;4;4;3;3;5;4;3;3;4;6;4;5;4;4;4;4;3;5
859;5;4;6;4;5;3;6;3;4;5;4;5;3;3;3;4;3;3
860;5;4;4;3;5;5;5;4;7;7;5;6;6;6;4;5;4;4
861;6;5;4;5;7;4;5;5;5;5;6;5;4;5;4;4;4;6
862;5;5;5;3;6;9;5;3;5;6;4;5;5;5;4;7;4;6
863;7;5;4;4;7;6;4;3;6;7;5;5;5;6;4;8;4;4
864;3;5;5;5;5;5;4;3;4;4;4;5;3;4;4;5;4;5
865;3;6;4;4;5;4;3;3;5;6;4;6;3;5;3;4;4;5
866;5;4;4;4;6;7;4;3;5;5;4;5;4;4;4;4;3;6
867;4;4;4;3;8;4;4;5;4;6;4;5;3;4;3;5;3;4
868;5;5;5;5;5;7;5;3;5;6;7;6;4;5;4;6;5;6
869;3;3;3;5;4;4;3;4;4;6;4;5;4;5;4;4;3;7
870;4;5;3;3;5;6;4;3;4;4;5;5;5;4;3;4;3;4
871;4;7;5;4;6;5;4;3;5;8;6;4;3;6;3;5;5;7
872;4;4;4;3;5;4;5;3;4;5;5;6;3;4;4;4;4;5
873;3;3;3;4;6;3;5;3;4;4;4;5;3;5;3;5;3;5
874;4;4;4;3;7;4;4;3;4;6;5;4;3;5;3;5;4;6
875;4;6;5;3;6;4;5;3;4;6;5;5;4;4;5;5;4;4
876;6;5;4;3;6;4;6;4;4;7;4;5;3;4;5;4;4;5
877;4;4;7;3;8;6;6;6;8;6;4;7;4;4;6;7;3;4
878;5;4;3;6;5;6;5;4;4;6;4;6;3;6;4;7;4;4
879;4;5;6;4;6;5;5;4;5;5;5;5;4;6;5;4;4;6
880;3;3;3;4;5;4;4;3;4;5;5;6;4;5;3;4;3;4
881;3;3;3;4;5;6;4;4;4;5;6;5;4;4;4;7;3;5
882;3;3;4;4;5;5;4;4;4;7;4;6;3;4;3;4;3;3
883;5;4;4;6;5;6;6;4;4;5;4;6;3;6;4;7;4;6
884;4;5;5;3;4;7;7;3;5;5;6;6;3;4;3;5;6;5
885;5;5;6;4;6;3;5;4;5;6;5;9;3;4;3;4;4;5
886;5;6;7;5;7;5;6;3;5;6;4;5;9;6;4;6;3;8
887;8;8;6;4;6;4;5;3;4;6;4;5;3;4;4;4;3;4
888;3;3;3;3;5;4;4;3;5;5;4;4;5;4;4;4;4;4
889;4;4;4;4;5;4;4;3;4;5;6;6;4;5;3;4;3;4
890;8;8;5;4;6;5;5;4;4;6;4;6;4;5;4;4;3;5
891;5;4;6;4;7;4;5;3;5;6;6;5;4;5;3;5;3;3
892;4;4;6;4;6;4;5;3;4;9;5;4;3;4;3;4;4;7
893;7;5;6;5;6;5;4;3;4;5;5;5;4;5;5;6;3;6
894;4;4;5;4;7;5;3;4;3;7;4;5;4;5;4;4;3;4
895;5;7;4;3;6;4;5;5;6;5;5;5;4;6;3;5;3;4
896;5;3;7;7;7;6;5;4;4;8;5;6;4;5;4;5;4;7
897;3;3;4;4;5;4;4;3;4;5;4;4;3;4;4;4;4;5
898;4;4;6;3;7;5;4;4;5;7;5;4;3;6;4;6;3;5
899;5;8;5;4;7;6;4;3;4;6;4;5;4;5;4;5;3;5
900;3;5;3;5;7;6;4;4;4;6;4;5;4;5;3;5;5;4
901;4;4;3;3;5;5;3;3;5;5;4;5;3;4;4;4;4;4
902;3;3;3;4;5;3;4;3;4;5;5;5;3;4;4;4;4;4
903;4;7;4;4;6;5;3;6;4;8;6;9;4;6;4;5;5;6
904;6;4;6;5;6;4;5;4;4;6;6;6;3;6;3;5;3;5
905;6;5;6;3;6;4;5;3;5;6;7;5;3;3;3;5;3;4
906;4;4;5;4;6;3;5;4;5;6;5;9;3;4;3;4;4;5
907;8;5;5;5;8;4;7;4;6;5;8;8;4;5;5;7;5;5
908;5;6;5;3;5;7;5;4;5;5;4;6;4;6;5;5;3;7
909;5;6;6;4;6;5;4;4;5;5;5;5;4;6;5;4;4;4
910;5;4;4;4;7;5;4;4;5;7;6;6;5;6;3;5;3;3
911;4;3;5;5;6;7;6;4;4;7;5;9;3;6;3;4;4;8
912;4;5;4;3;6;4;4;4;4;4;4;5;3;5;3;3;3;4
913;4;5;3;3;6;6;6;4;5;7;4;4;4;5;4;5;3;7
914;4;4;4;4;5;3;4;3;5;5;4;4;3;3;3;4;3;5
915;6;4;7;3;6;3;6;3;5;5;4;6;5;5;4;7;4;4
916;5;6;4;4;7;5;3;4;5;7;5;6;5;30;3;5;3;4
917;3;6;4;4;5;5;6;3;6;7;3;3;3;5;3;4;3;5
918;4;4;3;4;6;4;5;3;3;6;6;5;3;4;4;3;4;4
919;4;4;6;4;6;4;4;3;4;6;4;5;6;5;7;4;3;5
920;4;4;4;4;7;4;5;3;4;6;6;5;3;4;3;4;3;4
921;7;5;7;5;6;4;4;3;4;5;6;4;3;4;5;6;3;5
922;3;5;4;4;6;5;5;3;5;4;5;4;4;6;4;5;4;6
923;4;4;3;4;6;3;4;3;4;6;3;5;3;4;4;4;4;4
924;3;5;5;3;5;5;3;4;4;5;3;5;4;8;3;4;3;4
925;5;4;5;6;6;6;6;3;5;6;7;5;4;7;4;5;4;5
926;4;5;4;4;6;5;5;4;5;7;5;4;4;8;4;6;4;6
927;5;4;5;4;5;6;5;3;4;6;4;4;3;4;3;6;3;6
928;4;4;6;3;4;4;5;3;4;5;4;5;3;4;3;4;3;4
929;6;5;5;4;6;6;6;4;4;6;6;7;8;5;3;5;3;6
930;4;4;4;7;5;6;4;6;4;4;5;6;5;4;5;5;3;4
931;4;5;6;5;5;5;6;4;6;5;6;6;5;6;4;6;4;6
932;4;4;6;3;7;5;5;4;5;6;5;4;3;6;5;6;3;5
933;3;4;4;3;5;5;5;3;4;5;3;5;3;5;3;4;3;4
934;6;4;7;7;7;6;4;4;4;7;5;6;5;5;5;5;4;5
935;5;5;6;3;6;7;5;3;5;6;4;4;4;4;4;7;4;5
936;5;4;5;4;7;3;5;3;4;7;8;4;5;3;5;5;4;3
937;4;4;4;4;7;5;6;3;5;5;7;6;4;5;3;4;3;5
938;4;3;5;3;5;4;4;3;4;7;3;3;4;4;3;4;4;4
939;3;4;6;3;6;4;7;4;4;6;5;5;4;4;5;4;6;5
940;4;5;6;4;7;4;7;4;6;7;5;5;3;5;4;6;7;7
941;4;7;6;4;5;3;4;3;5;5;4;5;3;4;4;4;4;4
942;3;5;4;4;5;4;6;3;4;5;6;4;3;4;3;4;3;3
943;7;5;6;4;4;5;5;6;7;5;6;7;6;5;3;5;4;4
944;5;5;6;3;6;5;5;3;4;8;6;5;3;4;5;5;3;5
945;5;4;5;3;6;4;5;3;3;5;4;5;3;4;4;5;7;4
946;3;3;4;7;5;6;4;6;4;4;5;6;4;4;4;5;3;5
947;5;4;3;3;8;4;4;3;5;6;5;5;4;6;4;5;3;3
948;4;3;3;4;6;7;3;3;5;6;4;5;4;4;3;4;3;6
949;7;4;6;4;6;3;6;3;6;6;4;6;4;4;3;5;4;6
950;5;4;5;4;5;4;4;4;4;5;6;5;3;4;4;5;4;6
951;5;4;5;3;6;5;5;3;4;5;6;5;3;4;3;5;3;4
952;7;4;4;4;5;6;7;3;5;5;6;6;4;5;4;5;4;5
953;3;3;3;5;6;4;5;4;4;5;5;4;5;4;4;4;4;5
954;6;5;4;5;7;4;5;5;5;5;6;5;4;5;4;4;4;6
955;3;4;5;3;6;5;4;4;5;6;5;6;4;5;4;4;4;9
956;5;6;5;4;6;5;4;4;5;5;6;6;4;5;4;5;3;6
957;5;5;7;4;6;3;5;3;4;7;4;5;5;5;4;6;3;6
958;6;4;4;4;6;7;3;4;4;7;5;5;3;5;3;6;3;6
959;5;3;4;3;5;4;4;3;4;7;5;5;3;5;4;6;3;5
960;5;5;4;5;8;4;3;4;5;7;4;4;5;4;4;7;3;4
961;5;4;4;3;6;5;6;4;4;5;3;5;4;4;4;4;3;5
962;3;3;5;4;5;4;4;4;4;5;4;4;3;3;3;5;4;3
963;5;7;5;3;6;4;7;5;6;5;5;5;4;6;3;5;3;6
964;3;3;4;3;9;4;7;3;4;5;6;5;4;0;5;4;3;6
965;7;5;6;4;6;3;6;3;5;5;7;5;5;4;3;7;4;7
966;3;3;4;3;6;4;3;3;4;5;4;5;4;5;3;5;3;5
967;5;5;5;4;5;6;3;4;5;5;5;5;5;4;5;4;3;4
968;5;5;7;4;5;4;4;3;5;5;5;4;4;3;5;4;3;4
969;3;3;4;3;5;4;5;3;4;5;3;7;5;4;3;5;3;5
970;5;4;6;3;5;4;6;3;7;6;6;5;5;5;4;5;4;4
971;5;4;6;3;5;4;6;3;7;6;5;5;5;5;4;5;4;4
972;4;4;3;4;6;4;4;3;4;6;3;6;4;5;4;4;4;5
973;5;6;3;3;8;4;4;3;4;5;3;6;3;5;3;5;3;5
974;6;5;5;4;6;6;6;4;4;6;7;7;8;5;3;5;3;6
975;4;4;4;3;5;5;6;5;5;6;4;6;3;4;4;4;4;5
976;4;5;5;3;5;6;3;5;4;5;4;6;5;5;3;4;3;4
977;3;3;8;3;6;3;5;3;5;7;5;6;3;7;3;6;3;4
978;5;6;5;4;6;5;6;3;4;5;6;5;3;5;4;5;4;7
979;4;5;8;4;6;4;4;3;4;7;6;5;3;4;3;5;4;4
980;6;3;4;4;6;4;5;4;6;7;4;7;4;5;3;5;4;7
981;5;5;4;4;6;6;5;4;5;30;6;5;5;6;3;4;5;4
982;4;3;3;5;6;5;6;4;5;6;4;5;4;5;4;4;3;5
983;4;4;5;3;5;5;4;3;4;6;3;5;3;5;3;4;3;3
984;4;4;7;4;7;5;5;3;5;6;3;7;5;4;4;4;3;6
985;5;4;3;5;6;5;5;4;5;7;4;5;4;5;4;4;3;4
986;5;4;3;5;6;5;4;4;5;6;4;5;4;5;4;4;3;4
987;5;7;6;3;7;6;5;3;7;6;6;4;4;5;5;4;3;5
988;4;4;4;4;5;4;4;3;4;5;4;5;3;6;3;5;3;4
989;4;5;7;4;7;4;5;4;5;5;4;5;4;5;4;5;3;6
990;5;6;5;3;7;5;7;5;5;6;7;5;6;6;5;5;3;4
991;4;4;3;4;6;4;5;4;4;7;6;5;3;5;3;6;4;6
992;4;4;5;3;5;4;6;3;3;5;5;5;4;3;4;5;3;5
993;7;5;6;4;6;3;6;3;5;5;6;5;5;4;3;7;4;7
994;4;4;4;4;5;6;5;3;5;6;5;5;3;3;4;5;3;5
995;3;6;4;3;7;5;4;4;5;9;8;5;4;5;4;8;3;5
996;6;5;5;4;5;4;5;3;6;6;6;5;3;4;5;4;3;4
997;5;6;4;3;8;4;5;3;4;5;3;6;3;5;3;5;3;7
998;3;6;5;4;5;3;4;3;5;5;4;5;3;4;4;4;4;4
999;3;3;5;3;5;3;5;3;4;5;3;6;4;3;3;5;3;4
1000;3;3;3;4;6;4;6;4;5;7;5;6;3;5;3;5;3;5
1001;4;5;3;3;6;5;4;4;5;7;4;4;3;3;4;4;3;4
1002;3;3;4;3;5;4;6;3;3;5;5;5;4;3;4;5;3;5
1003;4;4;6;3;5;3;5;3;4;5;4;4;3;4;4;5;4;4
1004;3;3;3;3;5;4;3;3;4;5;4;5;4;4;4;4;4;5
1005;7;5;3;4;6;5;3;3;4;6;4;5;3;5;3;5;3;4
1006;5;7;4;3;6;5;4;3;4;6;5;6;5;5;5;5;4;4
1007;6;6;6;4;6;4;5;3;6;5;6;7;5;6;5;5;5;5
1008;5;4;4;4;5;6;4;3;4;7;4;4;3;4;3;6;3;4
1009;3;3;4;3;5;4;5;3;5;5;4;5;5;3;3;4;3;5
1010;3;3;5;3;9;3;7;3;4;5;6;4;3;0;5;4;3;5
1011;5;7;5;3;6;5;5;3;4;6;6;6;5;5;5;5;4;5
1012;3;4;6;4;6;5;4;6;4;6;6;8;3;6;4;4;5;7
1013;5;3;3;4;5;4;5;4;4;5;4;5;4;4;5;4;3;5
1014;4;3;4;4;7;5;5;4;5;6;6;6;5;6;3;5;3;4
1015;5;4;5;3;6;4;5;3;5;6;7;5;3;3;3;5;3;4
1016;5;4;5;3;5;5;5;4;4;5;6;5;4;6;4;4;3;6
1017;5;5;6;3;7;5;4;4;5;6;5;4;3;6;5;6;3;4
1018;4;6;5;3;7;4;5;3;4;7;5;4;3;5;3;5;3;4
1019;4;4;4;5;4;3;4;3;4;5;4;4;4;4;5;4;3;6
1020;5;5;3;3;9;6;4;3;5;5;6;7;4;5;4;5;3;4
1021;3;5;3;3;6;5;6;3;5;6;4;5;3;5;4;5;3;4
1022;4;4;4;5;4;4;4;4;4;5;4;5;4;5;5;4;3;7
1023;4;3;4;4;5;4;4;4;4;5;5;5;3;4;4;5;4;6
1024;4;7;4;3;8;5;4;4;5;7;5;6;4;6;3;7;3;5
1025;5;4;5;3;6;6;3;3;5;5;4;6;3;4;3;4;3;4
1026;6;4;7;3;8;4;5;3;5;8;3;5;3;5;3;5;3;6
1027;4;4;4;3;7;4;3;4;6;8;5;6;4;5;3;4;6;6
1028;3;4;6;3;6;5;6;3;4;6;5;5;4;7;4;5;3;5
1029;3;5;4;5;5;5;3;3;4;4;4;5;3;4;4;5;4;4
1030;4;4;4;3;5;5;4;3;4;4;6;5;4;4;3;3;3;4
1031;3;4;6;3;7;4;5;3;4;5;6;4;3;4;3;5;3;3
1032;3;4;7;3;6;4;6;3;4;6;5;4;3;6;4;5;3;4
1033;4;4;5;7;5;6;5;6;4;4;5;6;5;4;5;5;3;5
1034;4;4;7;3;7;4;5;3;5;6;5;3;3;5;5;6;3;4
1035;4;4;5;3;4;6;5;4;4;5;4;6;4;5;3;4;3;5
1036;3;4;6;4;7;4;5;4;5;5;4;5;4;5;4;5;3;6
1037;5;4;4;4;6;4;5;5;4;6;5;5;6;5;4;7;4;6
1038;6;5;6;4;5;3;5;3;4;5;6;5;3;5;4;5;3;4
1039;7;5;4;3;6;6;4;3;5;7;4;6;4;6;5;5;4;6
1040;4;3;3;4;6;7;4;3;5;5;4;5;4;4;4;4;3;6
1041;5;4;3;5;6;5;5;4;5;5;5;6;6;4;3;5;3;5
1042;4;3;5;3;5;4;5;3;4;5;5;4;3;5;4;4;3;5
1043;4;4;7;3;6;5;4;5;4;5;6;6;3;5;4;6;4;5
1044;5;5;5;4;6;4;5;3;6;5;5;7;5;6;5;5;6;5
1045;3;4;4;4;5;4;8;3;4;5;4;4;3;4;3;4;3;5
1046;5;6;4;3;8;3;5;3;4;5;3;5;3;4;3;5;3;6
1047;4;6;4;3;6;5;5;3;4;6;5;6;5;5;5;5;4;5
1048;3;5;5;4;5;6;5;5;3;6;3;4;4;3;3;4;4;5
1049;3;6;4;4;5;7;6;3;6;7;3;4;3;6;3;4;3;6
1050;5;4;4;5;5;5;4;3;3;6;5;5;5;5;4;4;3;6
1051;4;6;6;4;6;6;5;5;5;6;6;5;3;6;3;3;3;5
1052;4;4;3;4;6;4;5;3;4;4;4;4;3;4;4;5;4;4
1053;5;6;5;3;5;7;5;4;5;5;4;6;4;6;5;5;3;7
1054;4;3;3;3;4;5;3;3;4;6;5;5;4;7;3;4;3;4
1055;5;6;6;4;6;4;5;3;5;7;5;3;3;7;4;6;4;5
1056;4;5;6;3;6;4;5;3;4;6;6;4;3;5;4;5;3;4
1057;3;3;3;4;6;3;4;3;4;6;3;5;3;4;4;4;4;4
1058;5;7;6;5;6;5;6;3;6;4;5;6;3;7;6;5;7;4
1059;5;6;6;3;6;5;4;4;4;6;6;6;4;6;3;6;4;6
1060;3;4;5;5;5;5;6;4;6;5;5;6;5;6;4;6;4;6
1061;3;4;4;4;5;4;8;3;4;5;4;4;3;4;3;4;3;5
1062;5;7;5;5;6;5;5;3;6;4;5;6;3;7;6;5;7;3
1063;6;5;6;3;6;4;5;3;3;5;4;5;3;4;4;5;6;4
1064;3;3;5;4;5;6;5;4;5;5;5;5;3;5;3;4;3;6
1065;4;5;6;4;6;5;4;5;4;6;6;6;4;6;3;5;4;4
1066;5;7;5;3;7;6;5;3;4;7;6;5;4;6;3;5;3;5
1067;4;5;4;4;7;4;5;3;4;5;4;4;3;3;4;5;4;5
1068;4;5;4;3;6;4;5;4;3;6;5;5;5;7;4;4;5;4
1069;6;5;4;3;6;5;6;6;4;7;4;6;3;5;5;4;4;6
1070;4;4;6;4;5;4;5;3;4;6;4;5;3;3;3;4;3;3
1071;3;7;4;3;4;4;4;3;4;7;5;5;3;5;3;5;5;4
1072;5;4;4;3;6;4;6;3;4;5;3;4;3;3;4;4;3;4
1073;5;4;5;3;6;6;5;4;5;6;6;5;3;5;3;6;3;5
1074;4;3;5;4;5;4;5;3;4;6;4;3;3;3;3;6;3;5
1075;5;5;6;4;6;4;6;3;5;9;6;4;4;5;3;4;5;5
1076;4;6;6;5;6;4;6;3;6;4;5;5;3;6;6;5;8;3
1077;4;4;3;4;6;3;4;3;4;5;4;4;3;3;5;4;3;6
1078;5;6;4;3;5;4;3;3;4;4;5;5;3;5;4;4;3;5
1079;4;5;5;5;6;5;4;4;4;5;6;5;4;5;5;5;4;4
1080;5;4;4;3;6;6;4;3;3;6;4;6;3;5;3;5;6;5
1081;4;4;5;4;6;4;5;4;4;5;4;5;3;4;4;6;4;5
1082;5;5;4;4;6;6;6;3;4;6;6;5;4;4;4;4;4;6
1083;4;4;5;3;5;9;5;4;5;7;4;5;3;5;3;5;3;5
1084;4;5;7;5;6;4;5;3;4;5;6;4;3;4;5;5;4;4
1085;5;5;4;4;6;7;4;4;6;7;6;5;4;5;4;4;3;4
1086;4;5;5;4;5;3;6;4;5;5;4;4;3;4;4;5;4;4
1087;5;5;5;4;6;4;4;5;4;7;4;5;3;4;3;5;4;4
1088;8;4;5;4;5;4;4;3;7;4;7;6;3;4;3;5;4;4
1089;4;4;3;3;7;4;3;3;4;4;5;6;4;6;3;4;6;6
1090;7;5;6;4;5;5;5;5;6;6;4;6;4;6;6;4;3;7
1091;4;4;4;5;6;3;5;3;4;5;6;3;4;3;4;4;4;4
1092;5;6;6;6;7;3;6;3;5;4;8;4;3;4;3;7;3;5
1093;3;3;4;4;4;5;4;3;5;6;4;6;4;5;3;4;3;4
1094;4;4;5;4;6;5;5;4;4;9;5;5;3;5;3;4;4;8
1095;5;4;3;6;5;6;4;4;4;5;4;6;3;6;4;7;4;4
1096;4;4;7;4;5;4;5;3;5;5;6;4;3;4;3;4;3;5
1097;5;5;6;4;8;4;6;4;4;7;4;5;3;5;3;6;4;7
1098;4;3;3;4;7;4;5;4;7;6;4;6;3;4;4;4;6;6
1099;4;4;5;3;5;4;5;3;5;5;4;5;5;3;3;4;3;5
1100;4;4;4;4;6;5;4;4;4;30;5;5;3;5;3;4;4;6
1101;3;4;5;3;5;5;3;4;4;5;3;5;4;8;3;4;3;5
1102;7;6;6;5;6;4;8;3;5;5;6;4;3;4;3;6;3;6
1103;5;4;6;3;3;4;5;3;5;6;5;5;3;4;3;5;5;6
1104;5;5;5;3;7;4;4;3;4;6;6;4;3;5;3;5;4;6
1105;4;5;4;4;6;4;5;3;5;6;5;3;3;3;3;4;3;5
1106;3;3;3;4;5;4;3;3;4;6;5;6;3;5;3;4;3;4
1107;3;4;5;3;7;5;5;4;4;5;6;5;4;5;3;5;3;4
1108;3;3;4;4;6;5;4;4;4;30;5;5;3;5;3;4;4;8
1109;5;6;4;4;5;4;4;5;5;5;4;5;4;5;4;5;4;4
1110;6;7;3;3;7;5;6;3;5;6;5;5;6;4;3;6;4;5
1111;3;4;7;4;6;4;4;3;4;7;5;5;3;4;3;5;4;4
1112;4;3;3;6;5;6;6;4;4;5;4;6;3;6;4;7;4;6
1113;6;6;7;4;6;3;5;3;6;5;6;6;4;5;5;5;5;4
1114;5;5;6;5;6;5;6;3;4;6;5;6;4;4;4;6;4;6
1115;5;5;5;4;7;5;6;6;5;7;7;6;4;6;4;5;3;7
1116;4;4;4;5;4;4;4;4;4;5;4;5;3;4;3;4;3;4
1117;4;4;4;4;7;4;6;3;5;5;6;5;4;4;3;4;3;4
1118;5;4;6;3;6;4;5;3;5;6;6;4;3;4;3;6;3;4
1119;5;6;6;5;7;5;4;3;5;6;4;5;9;6;4;6;3;6
1120;3;4;4;3;6;4;5;4;4;4;4;5;3;5;3;3;3;6
1121;7;6;4;4;6;4;4;4;4;6;6;6;4;7;3;4;3;6
1122;4;7;5;3;8;5;5;4;5;6;5;6;4;6;3;7;3;7
1123;6;4;6;3;6;4;4;3;4;5;4;4;3;5;4;4;3;4
1124;5;4;4;5;6;4;6;3;5;6;4;4;3;4;4;4;3;4
1125;4;4;3;3;6;4;3;3;5;5;4;5;4;5;4;5;4;3
1126;3;5;4;5;7;6;5;4;4;6;4;5;4;5;3;5;5;6
1127;3;4;3;4;5;4;6;3;4;5;4;4;3;4;3;4;3;4
1128;4;4;4;3;6;4;4;6;5;6;7;5;3;4;3;5;3;5
1129;4;4;6;3;5;4;4;3;4;5;3;4;3;3;3;5;4;3
1130;5;5;6;4;6;4;5;5;4;6;4;5;3;4;3;5;4;5
1131;4;3;5;5;7;4;6;4;4;5;5;4;3;4;3;5;3;5
1132;4;3;3;5;5;5;3;3;3;7;5;5;4;5;3;4;3;6
1133;3;4;4;4;5;5;6;3;4;5;4;5;4;6;3;4;3;4
1134;4;6;3;4;8;4;7;3;5;5;7;4;3;6;6;6;5;7
1135;8;8;6;4;6;4;5;3;4;6;4;5;3;4;4;4;3;4
1136;6;4;3;4;6;5;3;3;4;6;4;5;3;5;3;5;3;5
1137;4;4;8;3;8;4;6;4;8;6;4;6;3;3;6;7;3;3
1138;5;5;4;4;6;4;4;4;4;5;4;5;4;4;5;4;3;7
1139;7;6;3;4;6;4;3;4;4;7;5;6;4;7;3;4;3;4
1140;5;6;6;4;6;5;4;4;5;6;5;5;4;6;5;4;4;4
1141;4;3;5;4;5;3;6;3;4;5;4;5;3;3;3;4;3;3
1142;5;4;4;4;7;5;4;4;5;6;6;6;5;6;3;5;3;3
1143;7;4;4;4;6;6;4;3;4;4;5;6;4;6;3;4;3;3
1144;6;4;5;4;7;7;4;3;4;4;4;4;4;5;4;3;3;5
1145;3;3;3;4;7;5;5;3;5;6;6;6;4;5;3;4;3;5
1146;4;4;4;3;7;4;4;4;6;7;5;6;5;5;3;4;7;6
1147;4;4;5;4;6;4;5;3;4;7;4;6;6;6;4;6;3;7
1148;4;4;5;3;5;9;5;4;5;7;4;5;3;5;3;5;3;5
1149;5;4;4;4;6;4;4;5;4;5;5;5;6;5;4;7;4;6
1150;3;3;4;5;5;6;4;4;4;5;4;6;3;5;8;4;3;6
1151;5;5;4;4;6;4;4;4;4;5;4;5;4;4;5;4;3;7
1152;4;6;5;5;6;6;5;3;5;5;4;6;4;5;4;8;5;6
1153;7;5;5;4;6;7;4;4;4;6;6;5;4;5;4;6;3;6
1154;3;5;5;3;6;6;4;4;5;7;5;6;4;5;4;5;4;4
1155;4;5;4;3;7;5;4;3;6;5;5;4;3;4;3;6;3;4
1156;6;5;6;4;5;3;5;3;4;5;5;5;3;5;4;5;3;4
1157;5;5;6;3;7;5;4;4;5;7;5;4;3;6;5;6;3;4
1158;5;5;4;4;7;5;5;6;5;8;6;6;4;6;4;5;3;5
1159;3;3;3;4;7;5;5;4;4;6;6;6;3;5;3;4;3;5
1160;4;3;5;4;5;3;4;3;4;5;5;4;3;3;4;5;4;5
1161;5;7;4;3;7;6;4;3;4;7;5;5;4;6;3;5;3;4
1162;7;6;4;4;5;6;4;4;6;7;6;6;3;5;5;4;3;4
1163;3;4;6;4;6;5;4;4;4;7;5;6;4;5;3;5;4;5
1164;6;8;4;7;4;7;7;4;5;8;7;6;5;8;4;8;5;7
1165;7;6;6;4;5;4;5;3;6;6;6;5;3;4;5;4;3;4
1166;4;4;6;3;5;7;5;3;5;7;4;4;3;4;3;5;3;4
1167;7;5;5;5;6;5;3;3;4;6;5;5;4;5;5;6;3;4
1168;5;3;3;4;5;3;5;3;4;5;4;4;3;3;5;4;3;4
1169;7;5;5;3;6;5;4;4;4;7;5;5;4;6;3;6;4;6
1170;4;4;4;4;7;4;5;3;4;6;7;5;3;4;3;4;3;4
1171;6;5;3;5;6;5;4;4;5;6;5;6;6;4;3;5;3;4
1172;5;5;5;4;8;5;6;5;4;7;4;6;3;6;3;6;4;8
1173;4;4;5;4;4;5;5;3;4;6;4;4;3;4;3;4;3;7
1174;4;5;6;5;5;5;6;4;6;5;5;6;5;6;4;6;4;6
1175;3;5;4;5;6;6;4;3;5;6;4;6;3;5;3;8;5;6
1176;4;4;6;7;5;4;5;4;4;4;6;5;4;3;5;5;3;4
1177;7;6;4;4;6;4;4;4;4;6;6;6;4;7;3;4;3;6
1178;5;3;5;5;6;4;5;4;4;6;5;6;3;6;3;5;3;5
1179;5;3;5;3;6;3;5;3;4;6;5;5;3;3;6;4;3;6
1180;4;5;6;3;6;3;6;3;3;5;6;4;4;6;4;4;5;4
1181;33;5;5;3;8;6;6;4;7;7;4;8;4;5;3;5;5;5
1182;3;5;4;4;6;5;4;3;5;4;5;4;4;6;3;5;4;6
1183;8;5;5;5;8;4;7;4;6;5;8;8;4;5;5;7;5;5
1184;5;3;7;7;7;6;6;4;4;7;5;6;5;5;5;5;4;7
1185;4;4;6;3;5;3;5;3;4;5;3;6;4;3;3;5;3;4
1186;4;4;4;4;5;6;4;3;5;7;5;5;3;3;3;5;3;5
1187;6;5;5;4;5;4;5;4;4;5;6;6;4;6;4;5;3;5
1188;5;3;4;4;7;7;3;3;4;4;4;4;3;5;3;3;3;5
1189;4;6;7;4;7;4;5;3;4;5;6;4;3;4;4;4;4;4
1190;5;5;7;4;6;4;4;4;4;7;7;4;3;4;3;5;4;3
1191;5;4;6;4;5;4;5;3;4;6;4;3;3;3;3;6;3;5
1192;5;5;8;3;7;4;5;3;5;6;6;3;3;5;5;6;3;4
1193;5;4;4;4;7;6;5;5;7;6;4;7;3;5;4;4;5;7
1194;5;3;3;4;5;5;5;4;6;7;6;5;5;6;4;3;4;7
1195;5;4;7;4;6;5;3;3;5;7;5;6;5;6;3;5;4;5
1196;4;7;5;4;6;5;5;3;5;7;6;4;4;6;4;5;6;7
1197;4;4;3;3;4;4;4;3;4;6;4;5;3;4;3;4;5;4
1198;4;5;4;4;5;4;5;3;4;5;4;5;3;4;3;5;3;5
1199;4;4;4;3;7;6;5;4;5;5;6;5;4;5;4;6;3;5
1200;7;5;5;3;6;6;5;3;5;6;4;6;4;6;5;5;4;8
1201;4;4;4;4;6;7;4;4;6;7;6;5;3;5;3;4;3;6
1202;4;8;4;3;4;4;4;3;4;6;5;5;3;5;3;5;5;3
1203;4;4;4;4;6;7;5;4;6;6;6;5;4;5;4;4;3;6
1204;3;6;4;4;5;4;4;3;5;5;4;6;3;5;4;4;4;5
1205;4;4;4;3;7;5;5;3;4;7;4;5;3;5;3;4;3;4
1206;4;4;6;5;5;4;4;3;4;5;4;5;3;4;8;4;3;5
1207;5;5;6;3;7;3;4;3;4;6;4;4;5;4;4;4;3;6
1208;3;3;4;3;5;4;4;4;4;5;7;5;4;5;3;4;4;5
1209;7;6;3;4;6;4;3;4;4;6;5;6;4;7;3;4;3;4
1210;5;6;5;4;6;5;4;4;5;5;6;6;4;5;4;5;3;6
1211;5;5;5;3;7;4;4;4;6;7;6;6;5;5;3;4;6;6
1212;4;3;3;3;8;4;5;3;5;6;5;5;4;6;4;5;3;4
1213;5;5;7;4;6;3;5;4;4;6;4;4;3;3;3;5;4;4
1214;5;5;7;4;6;3;5;3;4;7;4;5;5;5;4;6;3;6
1215;4;4;6;4;6;6;5;3;4;5;4;6;4;6;4;6;6;8
1216;6;6;4;4;6;6;4;3;4;6;6;5;4;4;4;4;4;4
1217;4;5;3;4;5;4;4;3;4;6;4;5;3;4;3;5;3;4
1218;6;3;3;4;5;6;6;3;5;6;6;6;3;5;3;5;4;5
1219;8;4;6;4;5;4;5;3;7;4;8;6;3;4;3;5;4;6
1220;4;4;3;4;6;4;3;3;4;6;3;6;4;5;4;4;4;4
1221;4;3;4;4;6;5;6;5;4;6;4;4;4;5;3;3;4;7
1222;3;4;3;4;8;5;3;3;7;4;4;6;3;4;3;5;3;5
1223;6;7;6;4;5;4;6;3;4;5;6;4;4;5;3;4;3;5
1224;5;4;5;4;6;4;5;3;4;7;4;4;4;5;3;5;3;6
1225;4;5;4;4;6;4;3;4;4;6;4;4;4;6;3;5;4;4
1226;4;3;7;3;5;6;4;5;5;8;4;5;4;5;3;4;3;5
1227;4;3;3;6;5;6;5;4;4;6;4;6;3;6;3;7;4;6
1228;5;4;5;3;5;5;4;3;4;7;3;4;3;5;3;4;4;5
1229;5;4;4;4;5;4;4;3;4;5;4;6;4;4;3;4;3;3
1230;4;6;4;3;6;4;6;3;5;6;4;4;3;4;4;5;3;3
1231;4;4;3;4;6;3;4;3;4;4;4;5;3;5;3;5;3;4
1232;4;3;5;3;6;4;5;4;4;6;4;4;3;4;4;5;3;5
1233;6;5;5;4;5;4;5;4;4;5;5;6;4;6;4;5;3;5
1234;4;6;3;4;8;5;6;4;5;6;7;5;4;7;6;6;5;6
1235;4;4;4;5;6;4;5;4;4;5;5;4;5;4;4;4;4;5
1236;7;6;4;5;6;6;6;3;5;5;5;5;4;5;3;6;3;5
1237;3;4;5;4;7;3;6;4;5;6;4;4;3;4;4;4;4;5
1238;5;6;5;4;5;4;5;3;4;6;5;4;3;5;3;4;3;5
1239;4;5;7;4;6;5;4;4;4;7;5;6;4;5;3;5;4;5
1240;7;6;4;4;6;3;4;3;4;6;6;5;3;6;3;4;3;5
1241;4;4;5;3;6;4;3;3;4;5;4;5;4;5;3;5;3;5
1242;6;4;4;4;6;4;6;4;5;5;6;6;6;5;3;7;4;8
1243;4;5;7;3;6;5;6;3;4;6;5;5;4;7;4;5;3;5
1244;5;5;5;3;6;6;5;4;4;5;8;6;5;7;4;5;5;5
1245;5;5;5;4;5;6;5;3;5;6;6;5;3;3;4;5;3;5
1246;7;5;7;5;6;4;4;3;4;5;5;4;3;4;5;6;3;5
1247;5;3;4;3;5;4;5;3;4;6;5;5;4;5;4;6;3;5
1248;6;4;4;4;6;7;4;4;4;6;5;5;4;5;4;6;3;6
1249;4;5;5;4;6;5;3;5;4;6;5;6;4;6;3;5;4;3
1250;7;4;5;4;5;4;7;3;5;7;5;6;5;6;3;5;3;7
1251;6;4;3;4;7;5;4;5;4;6;4;5;4;6;3;6;5;4
1252;3;3;4;3;5;5;4;3;4;7;4;5;4;5;4;6;3;5
1253;4;5;4;4;6;6;5;4;5;6;6;4;3;4;3;4;3;6
1254;5;5;6;4;7;4;6;4;5;7;7;5;3;5;4;5;3;6
1255;4;4;4;4;4;5;4;3;5;6;4;6;4;5;3;4;3;3
1256;6;5;4;3;6;5;4;3;5;6;7;6;4;4;3;5;3;4
1257;5;4;4;6;6;6;4;3;5;6;7;5;4;7;4;5;4;4
1258;5;4;3;3;5;5;3;3;4;6;6;4;4;5;3;5;4;4
1259;4;3;4;3;5;4;4;5;5;6;5;5;4;3;3;4;5;5
1260;4;8;4;3;4;4;4;3;4;7;5;5;3;5;3;5;5;3
1261;6;6;5;5;5;5;4;7;5;6;4;6;4;5;4;5;3;4
1262;4;4;4;4;8;5;6;5;4;7;4;6;3;6;3;6;4;8
1263;6;3;3;4;5;4;7;3;5;5;6;5;3;4;4;5;4;4
1264;4;5;4;4;7;4;5;3;4;5;4;4;3;3;4;5;4;5
1265;3;3;3;4;6;4;7;3;4;6;5;5;3;3;5;5;4;4
1266;5;4;3;5;6;5;4;4;5;6;5;6;4;4;3;5;3;5
1267;3;3;5;4;5;3;3;3;4;6;4;4;3;3;4;4;4;5
1268;4;4;3;4;7;3;5;3;4;6;5;4;3;5;3;4;3;5
1269;5;5;3;3;7;4;3;3;4;4;5;6;5;6;3;4;6;4
1270;4;4;6;3;4;4;5;3;4;5;4;5;3;4;3;4;3;4
1271;3;3;6;4;6;4;6;3;4;5;5;4;3;4;4;4;4;5
1272;6;4;6;3;8;6;5;3;5;8;3;6;4;6;3;5;3;7
1273;4;5;5;3;6;4;6;4;3;5;6;5;5;7;4;4;5;5
1274;4;5;4;3;5;5;5;3;4;7;6;7;4;4;4;4;3;6
1275;6;5;4;4;5;6;5;4;6;6;6;6;3;5;5;4;3;5
1276;6;4;6;3;6;4;6;4;5;5;4;7;6;6;4;7;4;5
1277;5;5;5;4;8;5;6;5;4;7;4;6;3;6;3;6;4;8
1278;6;4;6;5;6;4;5;4;4;6;5;6;3;6;3;5;3;5
1279;6;5;3;4;6;4;4;4;4;6;5;6;4;7;3;4;3;6
1280;3;4;4;3;5;6;3;3;5;8;6;6;4;4;4;5;4;5
1281;5;4;4;3;6;6;3;3;5;6;4;6;3;4;3;4;3;3
1282;4;5;5;3;4;7;7;3;5;6;6;6;3;4;3;5;5;5
1283;4;4;3;4;6;4;6;4;5;7;5;6;4;5;4;5;3;4
1284;3;4;6;3;7;4;5;3;4;5;5;4;3;4;3;5;3;3
1285;4;3;4;4;6;4;5;5;4;6;5;5;4;5;3;7;4;8
1286;5;4;5;4;7;5;5;4;5;6;7;6;5;6;3;5;3;4
1287;3;4;3;3;7;5;4;3;6;5;5;4;3;4;3;6;3;4
1288;7;4;6;5;9;7;3;5;4;8;5;5;4;4;3;4;6;5
1289;4;4;5;4;6;5;5;4;5;5;5;5;4;5;3;4;4;6
1290;4;4;4;3;5;5;4;3;4;4;5;5;4;4;3;3;3;4
1291;4;4;6;4;5;3;3;3;4;6;4;4;3;3;4;4;4;5
1292;7;8;4;3;7;5;6;3;5;6;6;5;6;4;3;6;4;5
1293;3;3;4;4;5;5;5;4;4;6;4;6;4;4;3;4;3;3
1294;6;4;4;3;5;4;4;3;4;6;5;5;4;5;4;6;3;4
1295;6;8;4;7;4;7;7;4;5;8;7;6;5;8;4;8;5;7
1296;3;3;6;4;7;4;4;3;3;6;4;4;3;4;4;4;3;4
1297;5;5;5;3;7;4;4;4;4;6;4;5;6;5;4;4;3;7
1298;4;8;6;3;4;3;5;3;4;6;5;4;3;4;3;5;5;3
1299;6;4;7;3;6;3;6;3;5;5;4;6;5;5;4;7;4;4
1300;4;5;4;4;7;5;5;3;4;5;4;5;3;4;4;5;4;6
1301;4;5;6;4;7;4;4;4;5;6;4;5;4;5;4;5;3;4
1302;3;4;3;4;7;5;4;3;4;6;4;5;3;4;3;5;4;6
1303;6;4;4;4;6;4;4;3;4;6;4;6;3;5;4;5;4;4
1304;5;6;6;3;6;5;4;4;4;6;5;6;4;6;3;6;4;6
1305;5;6;4;3;5;7;4;4;5;5;4;6;4;6;5;5;3;5
1306;4;3;4;6;8;5;6;4;6;6;5;5;5;4;4;4;4;5
1307;4;6;4;3;6;5;4;3;4;7;5;6;4;5;4;5;4;5
1308;5;5;4;4;6;6;5;3;4;7;6;5;3;4;3;4;4;6
1309;5;6;8;5;7;4;6;3;5;6;4;4;8;5;4;6;3;7
1310;7;5;7;3;6;4;5;3;4;6;5;4;3;5;3;6;4;7
1311;7;5;5;4;6;7;4;4;4;6;5;5;4;5;4;6;3;6
1312;4;4;4;4;6;5;5;3;5;5;6;5;5;4;4;5;3;5
1313;7;5;6;3;6;5;5;4;4;6;6;5;4;6;3;6;4;8
1314;4;4;5;4;6;5;4;3;4;6;4;6;7;6;7;4;3;6
1315;4;4;6;4;5;6;5;4;5;5;6;5;3;5;3;4;3;6
1316;5;5;6;4;6;6;4;5;4;7;8;5;3;5;3;5;4;4
1317;4;4;5;3;5;5;4;3;4;7;4;5;4;5;4;6;3;5
1318;6;7;3;3;7;5;5;3;5;7;5;5;4;4;3;6;4;5
1319;5;4;3;5;7;3;5;4;5;5;5;4;3;4;4;4;4;5
1320;4;6;3;4;8;4;7;3;5;5;8;4;3;6;6;6;5;7
1321;4;4;3;4;9;5;7;3;5;6;3;4;4;4;4;5;3;4
1322;4;6;6;4;6;6;5;5;5;6;6;5;3;6;3;3;3;5
1323;4;4;6;4;6;3;5;3;4;5;4;4;3;3;4;6;4;4
1324;3;3;5;4;5;6;4;4;5;6;5;5;3;5;3;4;3;6
1325;6;4;6;4;4;4;5;4;7;5;6;6;5;4;3;5;4;3
1326;5;7;6;3;7;6;5;3;7;6;6;4;4;5;5;4;3;5
1327;4;7;5;4;5;4;4;3;5;5;4;6;3;5;4;4;4;5
1328;4;7;5;3;7;5;5;4;5;8;8;5;5;5;5;8;3;5
1329;5;5;6;3;6;4;5;3;4;5;7;5;4;6;4;5;5;4
1330;5;5;5;4;6;4;4;3;4;7;4;6;6;6;4;6;3;5
1331;3;6;3;4;5;7;5;3;6;8;3;4;3;6;3;4;3;4
1332;5;4;4;3;6;5;5;3;5;6;7;6;4;4;3;5;3;5
1333;3;4;4;4;7;4;6;5;5;6;4;5;4;5;4;4;4;6
1334;3;4;6;3;5;4;3;3;4;5;3;4;3;7;3;4;3;4
1335;3;6;5;4;6;4;4;4;4;7;6;8;3;5;4;5;6;7
1336;4;4;5;5;5;6;4;4;4;5;4;6;3;5;8;4;3;6
1337;4;4;5;3;5;6;5;4;4;8;6;6;4;6;3;5;6;8
1338;6;5;4;4;5;4;4;4;4;6;5;6;4;6;4;5;3;4
1339;4;4;6;3;7;5;5;4;5;6;5;4;3;6;5;6;3;5
1340;4;4;4;3;5;4;4;4;4;6;4;5;3;5;4;5;4;4
1341;3;3;4;4;4;5;5;3;5;5;4;6;4;5;3;4;3;4
1342;4;5;3;3;6;7;3;5;5;8;4;5;3;4;4;4;3;4
1343;4;4;4;3;6;7;5;3;4;8;5;6;4;5;5;5;3;6
1344;5;5;5;3;6;9;5;3;5;6;4;5;5;5;4;7;4;6
1345;4;3;3;5;6;5;5;4;5;7;4;5;3;5;3;4;3;5
1346;5;5;4;3;9;4;5;3;5;5;6;6;3;4;4;5;3;4
1347;5;4;6;3;6;4;5;4;4;6;4;4;3;4;4;5;3;5
1348;4;4;3;4;5;3;5;3;4;6;5;4;4;4;4;4;3;5
1349;5;4;7;4;6;4;7;3;4;6;5;4;3;5;5;4;3;4
1350;4;4;4;3;5;4;4;3;4;5;4;5;3;4;3;4;3;5
1351;7;5;5;4;6;4;6;4;5;5;7;6;6;5;3;7;4;8
1352;5;6;6;4;7;4;4;3;5;7;6;5;4;9;3;5;3;5
1353;6;6;5;4;6;6;6;3;4;6;7;5;4;4;4;4;4;6
1354;5;4;5;3;6;5;5;5;4;6;4;5;3;5;4;5;3;6
1355;3;4;7;4;6;4;5;4;4;5;6;7;3;5;5;4;6;6
1356;6;5;4;3;6;4;6;4;4;7;4;5;3;4;5;4;4;5
1357;4;4;4;4;4;5;4;3;4;7;4;4;3;4;3;4;3;5
1358;5;5;5;4;6;7;5;4;6;6;7;5;4;5;4;4;3;6
1359;4;4;5;5;8;3;4;3;5;6;4;3;4;3;4;7;3;5
1360;6;6;7;5;5;4;5;5;5;6;4;5;3;4;4;5;3;5
1361;6;6;6;4;7;4;5;4;4;6;5;4;3;5;4;5;3;8
1362;4;4;6;4;5;4;4;3;5;5;5;4;4;3;5;4;3;4
1363;4;5;4;4;5;4;5;3;4;5;4;5;3;4;3;5;3;5
1364;4;4;6;3;7;4;6;3;4;6;4;4;3;4;3;4;3;5
1365;4;5;4;3;5;6;3;3;5;8;6;6;5;4;5;5;4;4
1366;4;4;4;3;7;5;4;3;4;6;4;5;3;5;3;4;3;4
1367;6;3;4;4;5;4;7;3;5;7;5;6;5;6;3;5;3;7
1368;7;6;3;4;6;4;3;4;4;6;5;6;4;7;3;4;3;4
1369;5;5;5;3;6;6;5;4;4;5;7;6;5;7;4;5;5;5
1370;4;4;3;3;7;6;4;4;5;6;5;5;4;5;4;6;3;4
1371;3;4;3;3;5;4;6;3;4;4;5;4;4;3;3;4;4;5
1372;4;4;4;3;5;5;3;3;4;6;3;5;3;4;3;5;4;3
1373;6;6;6;5;5;5;5;7;5;6;4;6;4;5;4;5;3;6
1374;5;4;4;5;5;5;4;3;3;6;6;5;5;5;4;4;3;6
1375;5;4;5;4;6;4;6;5;4;5;5;5;6;5;4;7;4;8
1376;5;7;3;7;4;5;7;3;5;8;6;5;4;7;4;8;6;6
1377;6;5;5;4;7;4;5;4;4;7;9;5;6;4;5;5;4;4
1378;3;4;6;3;6;4;4;3;5;6;5;5;3;4;4;4;4;8
1379;4;5;5;3;6;4;6;4;3;5;5;5;5;7;4;4;5;5
1380;4;5;4;6;7;4;5;4;5;4;8;5;3;5;3;7;3;6
1381;4;3;4;4;8;6;4;3;4;8;5;5;3;6;3;3;4;7
1382;6;4;8;7;7;6;6;4;4;7;6;6;5;5;5;5;4;7
1383;4;5;5;3;6;5;3;4;5;7;5;6;4;5;4;4;4;7
1384;4;5;4;4;6;5;6;3;4;5;5;5;3;5;4;5;4;7
1385;5;6;5;6;7;4;6;4;5;4;8;5;4;5;3;7;3;6
1386;3;3;6;3;5;6;3;5;5;9;4;5;3;5;3;4;3;5
1387;5;8;5;4;6;5;4;3;5;7;6;4;4;6;4;5;5;5
1388;3;5;4;5;7;4;5;3;4;6;4;4;3;4;3;5;5;5
1389;5;5;5;5;9;7;7;3;5;6;4;4;6;3;6;4;4;6
1390;4;3;7;3;5;6;4;5;5;8;4;5;4;5;3;4;3;5
1391;4;5;4;3;6;5;7;3;4;7;4;5;4;5;5;5;4;4
1392;6;4;4;3;6;8;4;3;3;7;5;5;3;6;4;6;5;4
1393;4;5;5;4;5;5;6;3;4;5;4;5;4;6;3;4;3;4
1394;4;5;3;3;5;6;4;3;4;4;5;5;5;4;3;4;3;4
1395;6;5;6;3;6;4;5;3;5;6;8;5;3;3;3;5;3;4
1396;7;4;5;4;6;6;5;3;4;4;6;6;4;6;3;4;3;4
1397;4;6;3;3;6;5;5;3;5;7;4;5;3;5;4;5;3;3
1398;5;5;4;4;6;7;4;4;6;6;6;5;4;5;4;4;3;4
1399;4;4;4;4;9;5;8;3;5;5;3;4;4;4;4;5;3;5
1400;3;4;4;4;5;5;5;3;4;5;3;5;3;5;4;4;3;4
1401;7;5;5;4;7;6;5;3;6;7;5;5;5;6;4;8;4;6
1402;5;4;4;4;6;4;4;3;4;7;4;4;4;5;3;5;3;4
1403;6;4;4;3;6;4;4;3;4;7;5;6;3;4;6;4;3;5
1404;5;6;5;3;7;5;6;5;5;5;7;5;6;6;5;5;3;4
1405;4;4;6;3;7;4;6;3;4;6;4;4;3;4;3;4;3;5
1406;6;6;5;4;7;5;5;5;4;6;5;5;3;6;4;5;3;9
1407;4;4;9;3;6;3;5;3;5;7;5;6;3;6;3;6;3;4
1408;3;5;6;3;5;5;3;4;4;5;3;5;4;8;3;4;3;5
1409;4;5;5;5;5;5;4;4;6;5;5;6;5;6;4;6;4;4
1410;4;5;5;5;5;5;5;4;6;6;5;6;5;6;4;6;4;4
1411;7;5;6;3;6;4;5;3;5;6;4;5;3;5;5;5;4;7
1412;4;5;3;3;6;6;4;4;5;7;4;4;4;5;4;5;3;5
1413;4;4;4;3;5;4;4;3;4;5;4;5;3;4;3;4;3;5
1414;4;4;7;4;5;4;5;3;5;5;5;4;3;4;3;4;3;5
1415;4;4;6;4;7;5;4;3;5;6;3;7;5;4;4;4;3;4
1416;4;6;5;4;8;4;6;3;7;6;4;5;3;5;5;4;3;6
1417;4;4;6;4;7;5;4;4;3;6;4;5;4;5;4;4;3;5
1418;4;4;4;5;5;6;3;4;4;6;4;6;3;5;8;4;3;4
1419;9;4;5;3;8;4;6;3;7;7;4;7;3;4;3;5;6;4
1420;4;4;6;4;4;4;5;3;4;6;4;3;3;3;3;4;3;6
1421;5;6;4;4;5;4;7;3;5;7;5;4;3;5;4;4;5;5
1422;5;7;5;3;7;5;3;4;6;6;6;6;4;6;4;6;3;4
1423;3;5;6;4;5;4;5;3;7;8;7;6;3;6;6;6;6;5
1424;6;4;5;3;6;8;6;3;3;7;6;5;3;6;4;6;5;5
1425;4;4;3;4;6;5;5;4;3;6;5;6;3;5;4;3;4;5
1426;4;5;6;3;6;3;5;3;4;4;4;4;3;4;3;3;3;5
1427;6;4;5;3;5;4;5;3;4;6;6;5;4;5;4;6;3;5
1428;3;3;5;5;5;4;4;3;4;5;4;5;3;4;8;4;3;5
1429;4;5;3;4;5;5;7;4;5;7;5;5;3;6;4;4;6;6
1430;5;4;6;3;6;4;3;3;5;5;4;5;3;3;3;4;3;3
1431;4;4;5;3;9;4;7;3;4;5;7;5;4;0;5;4;3;6
1432;6;6;4;5;9;9;6;4;5;7;4;5;7;4;6;4;4;5
1433;4;4;5;4;5;4;5;3;4;5;4;5;3;6;3;5;3;5
1434;5;4;5;4;8;6;5;3;4;7;6;5;4;6;3;3;4;7
1435;4;4;3;4;5;4;3;3;4;5;5;6;4;5;3;4;3;3
1436;4;4;5;4;7;4;6;4;5;7;6;5;3;5;4;5;3;6
1437;4;4;3;4;6;3;6;3;4;6;6;4;3;4;4;6;4;5
1438;5;3;6;3;8;4;5;3;5;8;3;5;3;5;3;5;3;6
1439;5;5;5;3;6;7;5;3;4;8;6;6;4;5;5;5;3;6
1440;5;6;6;4;5;3;6;4;5;5;4;4;3;4;4;5;4;4
1441;4;5;5;4;7;5;6;5;6;8;5;6;3;6;3;6;6;8
1442;4;5;4;4;7;5;4;4;5;7;5;6;5;33;3;5;3;6
1443;3;4;4;3;6;5;5;3;4;6;6;5;4;6;4;5;3;5
1444;5;5;5;4;6;5;3;3;4;6;4;6;7;6;7;4;3;4
1445;7;5;6;3;6;5;5;4;4;6;5;5;4;6;3;6;4;8
1446;5;5;4;4;6;4;4;4;4;5;4;5;4;4;5;4;3;7
1447;6;6;6;4;6;4;6;3;4;6;6;4;3;3;4;4;4;5
1448;4;3;5;4;6;5;6;3;5;7;5;5;4;5;5;5;3;33
1449;7;5;5;5;6;5;3;3;4;5;5;5;4;5;5;6;3;4
1450;4;4;5;3;5;4;4;4;4;5;7;5;4;5;3;4;4;5
1451;5;5;4;4;7;3;5;3;4;6;5;4;3;5;3;4;3;5
1452;4;3;5;4;6;5;5;3;4;6;5;5;3;5;4;4;4;4
1453;5;4;4;4;6;4;4;3;4;8;4;4;4;5;3;5;3;4
1454;4;7;4;4;7;6;3;3;4;7;4;5;3;5;3;5;3;5
1455;4;6;3;4;8;5;7;4;5;5;8;5;4;7;6;6;5;8
1456;6;6;5;4;6;4;4;3;6;5;5;7;5;6;5;5;5;4
1457;4;4;8;3;6;4;4;4;4;5;7;5;3;4;4;6;4;4
1458;6;5;5;3;6;5;5;3;5;6;8;6;4;4;3;5;3;5
1459;4;4;3;4;6;5;4;3;5;6;5;5;5;4;4;5;3;4
1460;4;3;5;4;7;4;5;3;5;6;6;5;4;5;3;5;3;3
1461;4;4;8;3;6;4;5;4;5;7;5;7;4;6;3;6;3;5
1462;6;4;3;4;5;4;4;4;4;5;4;5;4;4;5;4;3;4
1463;4;7;6;4;6;4;5;3;5;7;6;3;3;5;4;5;6;6
1464;5;4;6;4;6;5;7;3;4;6;5;5;3;6;5;4;3;5
1465;5;4;5;6;8;5;6;4;6;6;6;5;5;4;4;4;4;5
1466;4;3;3;3;6;4;6;3;4;5;3;4;3;3;4;5;3;4
1467;5;7;7;3;7;4;4;3;6;6;6;5;3;5;4;6;3;5
1468;4;4;4;3;5;9;4;4;5;7;4;5;3;5;3;5;3;4
1469;5;4;3;3;8;4;4;3;5;7;5;5;4;6;4;5;3;3
1470;3;5;3;4;5;5;5;3;4;6;5;5;4;5;3;4;3;3
1471;6;5;4;5;7;3;5;4;5;5;5;4;3;4;4;4;4;5
1472;5;4;5;4;6;4;5;3;4;7;4;4;4;5;3;5;3;6
1473;6;4;4;4;7;4;5;4;4;6;4;4;3;5;3;6;5;4
1474;5;4;4;4;8;6;4;3;4;8;5;5;4;6;3;3;4;5
1475;5;7;6;3;8;6;4;3;5;7;5;7;3;5;4;4;5;5
1476;5;3;4;4;7;7;4;3;4;4;4;4;4;5;4;3;3;5
1477;7;5;4;4;6;4;4;4;5;5;6;6;6;5;3;7;4;6
1478;4;4;3;4;5;4;3;4;4;5;4;5;3;5;4;4;4;4
1479;4;3;3;5;5;5;4;3;3;6;5;5;5;5;4;4;3;6
1480;3;5;6;5;5;4;4;3;4;4;4;4;3;3;4;5;4;4
1481;5;5;4;3;6;6;4;4;4;5;7;6;5;7;4;5;5;4
1482;3;5;5;4;5;6;5;4;7;8;8;7;4;7;6;6;6;6
1483;4;5;4;4;5;4;5;3;4;6;4;4;3;4;3;4;3;4
1484;4;5;5;3;5;6;3;5;4;6;4;6;5;5;3;4;3;4
1485;3;3;4;3;7;5;5;3;4;7;4;5;3;5;3;4;3;6
1486;5;4;5;4;5;6;5;3;4;6;4;4;3;4;3;6;3;6
1487;4;5;5;3;7;5;8;5;5;5;7;5;6;6;5;5;3;6
1488;4;4;3;4;6;4;3;3;4;7;3;6;4;5;4;4;4;4
1489;4;6;4;3;6;5;6;3;5;6;4;5;3;5;4;5;3;4
1490;5;5;5;4;6;4;4;3;4;8;4;6;6;6;4;6;3;5
1491;5;5;3;4;7;3;4;3;4;7;5;5;4;6;3;4;3;4
1492;6;4;3;4;5;4;5;4;4;5;4;5;4;4;5;4;3;5
1493;3;6;4;4;5;5;4;3;4;7;9;7;3;6;3;5;3;5
1494;5;5;4;5;9;9;7;4;5;6;4;5;7;4;6;4;4;7
1495;5;4;4;4;5;4;5;3;4;6;4;6;4;4;3;4;3;3
1496;6;4;5;3;5;4;5;3;4;6;5;5;4;5;4;6;3;5
1497;8;5;4;5;8;4;6;4;6;6;7;8;4;5;5;7;5;4
1498;4;4;6;4;6;3;5;3;4;5;4;4;3;3;4;6;4;4
1499;4;4;6;3;5;3;5;3;5;5;4;4;4;3;3;4;3;4
1500;4;7;6;3;7;4;5;3;5;8;9;4;4;4;5;8;3;4
1501;5;5;4;5;6;7;5;4;4;7;5;7;4;5;4;6;4;5
1502;3;5;5;4;5;6;5;5;3;6;3;4;4;3;3;4;4;5
1503;6;4;5;4;7;4;5;3;6;7;5;4;4;5;4;8;4;5
1504;4;5;5;5;6;5;4;4;4;6;6;5;4;5;5;5;4;4
1505;4;4;3;3;5;5;3;3;5;6;4;5;3;4;4;4;4;4
1506;3;5;4;4;8;4;6;3;7;6;4;5;3;5;5;4;3;6
1507;4;4;4;3;5;5;3;3;4;5;3;5;3;4;3;5;4;3
1508;4;5;5;3;6;5;3;4;4;7;5;6;3;6;3;6;4;6
1509;4;5;7;4;6;5;4;4;4;7;6;6;4;5;3;5;4;5
1510;6;6;5;4;6;6;6;3;4;6;7;5;4;4;4;4;4;6
1511;3;3;3;4;6;5;4;3;5;6;5;5;4;4;3;5;3;5
1512;4;5;6;4;6;5;3;4;4;8;5;6;4;5;3;5;4;4
1513;3;3;5;3;5;4;5;3;4;8;6;5;3;5;3;5;7;7
1514;6;4;4;4;7;4;5;4;4;6;4;4;3;5;3;6;5;4
1515;5;4;5;3;5;5;6;4;7;6;6;6;6;6;4;5;4;5
1516;4;5;7;5;5;4;6;3;6;5;5;5;4;5;4;6;4;5
1517;3;3;7;3;6;4;4;4;4;5;6;5;3;4;4;6;4;4
1518;4;4;4;4;7;5;5;4;4;6;6;6;3;5;3;4;3;5
1519;4;5;4;4;6;4;6;4;4;6;7;5;4;5;4;6;4;6
1520;4;3;3;3;6;4;4;3;5;5;4;4;3;4;4;5;4;4
1521;4;4;5;4;4;5;5;3;5;5;4;6;4;5;3;4;3;4
1522;6;4;4;4;6;5;4;3;4;6;4;7;4;6;4;5;4;5
1523;4;4;4;3;5;4;4;3;4;4;5;4;5;4;4;4;4;4
1524;5;4;6;3;5;4;4;3;4;7;3;3;3;4;3;4;4;4
1525;3;3;4;3;5;5;3;3;4;8;4;5;3;5;3;6;3;5
1526;4;4;5;4;8;4;6;4;4;7;4;5;3;5;3;6;4;7
1527;6;4;4;4;6;4;4;3;4;6;4;6;3;5;4;5;4;4
1528;5;8;6;4;6;5;5;3;5;7;7;4;4;6;4;5;5;7
1529;4;4;6;3;6;3;3;3;4;5;4;4;3;4;3;5;3;4
1530;3;3;5;4;7;5;4;3;4;6;7;5;3;5;4;4;3;5
1531;3;4;4;4;5;6;5;5;3;6;3;4;4;3;3;4;4;5
1532;4;4;4;4;6;4;5;6;5;6;5;33;4;5;3;4;4;6
1533;3;4;3;4;5;5;5;3;4;6;4;5;3;5;3;4;3;5
1534;5;5;4;4;8;5;4;5;4;7;4;6;3;6;3;6;4;6
1535;4;4;4;4;5;4;4;4;4;4;5;4;3;3;3;3;4;4
1536;3;3;3;3;5;4;4;3;4;6;5;6;3;4;3;4;4;5
1537;3;4;5;3;6;5;3;4;4;6;4;5;3;5;4;6;3;4
1538;5;4;4;4;5;4;4;3;4;4;4;4;6;5;3;4;3;5
1539;5;6;5;6;7;4;6;4;5;4;9;5;4;5;3;7;3;6
1540;5;4;6;3;6;4;3;3;5;5;4;5;3;3;3;4;3;3
1541;4;3;3;3;8;3;5;3;5;6;5;4;3;5;4;5;3;3
1542;6;5;6;4;6;4;6;3;4;6;6;6;7;4;3;5;3;5
1543;3;3;4;4;4;5;5;3;4;6;4;4;3;4;3;4;3;7
1544;5;6;6;5;7;5;5;3;5;7;4;5;9;6;4;6;3;6
1545;5;5;6;4;6;4;6;3;5;9;7;4;4;5;3;4;5;5
1546;33;5;6;3;8;4;6;3;7;7;4;7;3;4;3;5;5;4
1547;4;5;6;4;6;3;4;3;4;5;4;3;3;5;3;5;4;4
1548;3;3;4;4;5;4;5;3;4;5;4;5;3;6;3;5;3;5
1549;3;3;5;4;7;4;4;3;4;6;6;4;3;4;4;4;3;4
1550;4;5;4;4;6;6;5;4;5;6;5;4;3;4;3;4;3;6
1551;4;4;3;4;7;3;4;3;4;7;5;5;3;6;3;4;3;6
1552;3;4;4;4;6;4;4;4;4;5;4;4;4;6;3;5;4;5
1553;5;5;5;4;6;7;5;4;6;6;7;5;4;5;4;4;3;6
1554;5;4;5;4;5;4;4;4;4;5;6;5;3;4;4;5;4;6
1555;5;6;6;3;7;5;8;5;5;5;8;5;6;6;5;5;3;6
1556;7;5;4;4;6;7;3;4;4;7;5;5;4;5;4;6;3;4
1557;4;4;4;3;6;4;4;3;5;5;4;5;4;5;4;5;4;4
1558;4;5;8;4;7;3;5;3;5;5;4;4;3;4;4;5;3;5
1559;4;5;6;3;6;4;4;3;4;6;5;5;3;5;3;6;4;5
1560;5;6;4;4;6;5;4;4;5;8;5;4;4;8;4;6;4;4
1561;3;4;3;4;5;5;4;3;4;7;4;5;3;5;3;4;3;5
1562;6;7;5;4;5;4;4;3;4;5;5;4;4;5;3;4;3;4
1563;5;4;4;3;6;5;4;3;4;6;5;5;3;4;3;5;3;3
1564;4;5;6;3;6;5;4;3;4;6;5;5;4;7;4;5;3;4
1565;4;3;4;3;3;5;5;3;5;6;5;6;4;5;3;5;6;7
1566;5;4;3;4;6;7;3;3;5;5;4;5;4;4;4;4;3;4
1567;3;4;3;3;6;6;5;4;5;8;4;4;3;5;3;5;3;7
1568;6;3;5;4;6;4;5;3;4;4;5;5;3;5;3;4;3;3
1569;4;4;3;3;5;4;4;3;5;5;4;4;3;3;4;4;4;4
1570;4;4;6;3;5;3;5;3;5;5;4;4;4;3;3;4;3;4
1571;4;4;5;4;6;4;6;3;5;9;6;4;4;5;3;4;6;5
1572;5;5;4;4;6;3;4;3;4;5;4;4;3;3;5;4;3;6
1573;3;3;6;3;6;5;3;5;4;6;6;6;3;5;3;6;4;5
1574;4;4;4;4;6;4;7;3;4;6;6;5;3;3;5;5;4;4
1575;5;7;6;3;8;6;4;3;5;6;5;7;3;5;4;4;5;5
1576;4;4;4;4;5;3;4;3;4;5;5;5;3;4;3;4;3;3
1577;5;4;4;6;5;4;6;3;4;5;4;5;3;5;4;7;4;5
1578;4;4;4;5;8;4;3;4;5;7;4;4;4;4;3;7;3;6
1579;3;3;5;4;5;4;5;3;4;6;4;5;3;3;3;4;3;3
1580;4;5;4;4;5;5;5;3;4;6;4;5;3;5;3;4;3;5
1581;4;4;6;4;4;4;5;3;5;5;4;5;4;4;3;4;3;3
1582;5;6;3;4;7;6;4;4;4;6;5;5;5;6;3;6;4;4
1583;5;4;5;3;6;5;5;5;4;6;4;5;3;5;4;5;3;6
1584;6;8;4;7;4;5;7;3;5;8;7;5;4;7;4;8;5;6
1585;4;4;4;4;6;5;7;3;4;6;5;6;4;4;5;5;4;5
1586;4;5;4;4;6;5;5;3;4;6;5;5;3;5;3;5;4;7
1587;3;3;5;4;7;5;4;3;4;6;6;5;3;5;4;4;3;5
1588;3;5;5;3;5;5;3;4;4;6;3;5;4;8;3;4;3;4
1589;5;6;4;4;7;4;6;3;4;6;6;4;4;5;3;6;4;5
1590;5;7;7;3;8;6;5;3;5;6;5;7;3;5;4;4;5;7
1591;4;3;7;4;6;4;6;3;4;5;6;4;3;4;4;4;4;5
1592;4;4;6;4;4;4;5;3;5;5;4;5;4;4;3;4;3;3
1593;5;7;7;3;7;4;4;3;6;6;7;5;3;5;4;6;3;5
1594;3;5;4;5;7;4;5;3;4;6;4;4;3;4;3;5;5;5
1595;7;5;5;4;4;5;4;6;7;5;6;7;6;5;3;5;4;3
1596;4;4;5;4;4;5;5;3;4;6;4;4;3;4;3;4;3;7
1597;3;4;4;5;5;5;3;3;4;4;4;5;3;4;3;5;4;5
1598;5;5;6;3;6;3;5;3;4;5;4;5;4;4;3;6;3;4
1599;3;4;6;3;6;4;5;3;5;7;5;5;3;4;4;5;4;4
1600;4;3;3;3;6;5;6;4;4;5;3;5;4;4;4;4;3;5
1601;3;5;4;4;5;5;6;3;4;5;6;5;4;5;3;4;3;4
1602;4;3;4;3;6;6;4;4;5;7;5;5;3;5;3;6;3;5
1603;4;4;3;4;6;3;5;3;4;4;4;4;3;4;3;5;3;4
1604;4;6;4;4;8;4;4;3;7;6;4;5;3;5;5;4;3;4
1605;4;4;4;4;7;5;6;3;5;5;6;6;4;5;3;4;3;5
1606;4;4;7;3;6;5;4;5;4;5;7;6;3;5;4;6;4;5
1607;6;4;4;3;6;6;5;3;5;6;4;6;4;6;5;5;4;8
1608;6;4;5;3;8;6;4;3;5;8;3;6;4;6;3;5;3;5
1609;4;3;3;4;5;4;4;3;4;4;4;4;6;5;3;4;3;5
1610;4;3;4;5;6;5;5;4;5;5;6;5;4;8;3;6;3;6
1611;5;6;4;4;7;4;6;3;4;6;5;4;4;5;3;6;4;5
1612;4;4;5;4;6;4;4;5;4;7;4;5;3;4;3;5;4;5
1613;4;4;4;4;6;5;5;3;5;5;5;5;5;4;4;5;3;5
1614;5;8;6;4;6;5;5;3;5;7;7;4;4;6;4;5;5;7
1615;3;4;5;5;5;5;5;4;6;6;5;6;4;6;3;6;4;6
1616;5;6;6;4;6;4;4;3;5;5;6;5;3;4;4;5;3;5
1617;4;4;4;3;6;3;4;3;5;5;4;4;3;4;4;5;4;3
1618;5;3;3;4;5;5;6;4;6;6;6;5;7;6;6;3;4;7
1619;5;6;6;4;7;5;7;5;6;7;5;6;4;6;4;6;6;8
1620;5;4;4;3;6;5;6;4;4;5;3;5;4;4;4;4;3;5
1621;4;3;7;4;6;4;6;3;4;5;5;4;3;4;4;4;4;5
1622;4;5;4;3;6;5;4;3;4;7;6;5;4;6;4;5;3;4
1623;4;4;5;3;5;4;5;4;4;5;4;5;3;5;4;5;4;5
1624;4;4;6;3;8;6;4;6;8;6;4;7;4;4;6;7;3;3
1625;6;4;5;5;6;5;4;3;4;5;5;5;4;5;5;6;3;6
1626;4;4;4;5;5;6;3;4;4;5;4;6;3;5;8;4;3;4
1627;4;5;4;3;6;5;4;3;4;6;6;5;4;6;4;5;3;4
1628;3;3;3;4;6;5;6;5;4;6;4;4;4;5;3;3;4;7
1629;4;4;5;4;6;4;4;3;5;5;4;5;3;3;3;4;3;3
1630;4;4;6;4;6;6;5;3;4;5;4;6;4;6;4;6;6;8
1631;4;3;5;5;6;4;5;3;5;5;6;4;3;7;3;6;3;5
1632;3;4;4;4;5;4;8;3;4;5;4;4;3;4;3;4;3;5
1633;7;5;5;4;6;4;6;4;5;5;6;6;6;5;3;7;4;8
1634;4;4;6;3;5;7;5;3;5;7;4;4;3;4;3;5;3;4
1635;7;4;4;4;5;4;5;3;5;7;5;6;5;6;3;5;3;5
1636;3;4;3;4;5;4;6;3;4;5;5;4;3;4;3;4;3;3
1637;6;4;7;3;8;4;5;3;5;8;3;5;3;5;3;5;3;6
1638;6;4;5;3;6;4;5;3;4;6;6;6;3;4;6;4;3;7
1639;4;4;4;3;4;3;5;3;6;6;4;4;3;3;3;5;3;4
1640;5;5;3;4;6;4;3;4;4;6;4;5;4;4;5;4;3;5
1641;4;5;3;3;6;6;6;4;5;7;4;4;4;5;4;5;3;7
1642;6;4;8;7;7;6;6;4;4;7;6;6;5;5;5;5;4;7
1643;5;5;4;4;7;5;5;4;5;8;5;5;3;5;3;6;3;4
1644;3;4;4;3;7;5;4;4;4;6;5;5;4;5;3;5;3;3
1645;6;8;3;7;4;7;6;4;5;9;6;6;5;8;4;8;5;5
1646;6;4;4;3;6;5;3;4;4;5;4;5;4;6;4;4;3;4
1647;7;8;4;3;7;4;6;3;5;6;6;4;5;3;3;6;4;4
1648;3;5;7;3;6;4;5;3;5;7;6;5;3;4;4;5;4;4
1649;5;5;6;4;5;6;4;4;5;5;6;5;5;4;5;4;3;5
1650;5;5;5;4;7;5;6;4;5;7;6;5;3;5;3;6;3;5
1651;4;4;6;4;5;3;3;3;4;6;4;4;3;3;4;4;4;5
1652;3;4;7;4;7;3;5;3;5;5;4;4;3;4;4;5;3;5
1653;3;3;3;3;5;5;4;4;4;6;5;5;4;5;3;4;3;4
1654;3;3;4;3;5;9;4;4;5;8;4;5;3;5;3;5;3;5
1655;4;3;4;4;7;5;4;4;5;7;6;6;4;6;3;5;3;4
1656;4;4;4;4;6;4;5;3;5;5;6;4;4;3;4;5;3;4
1657;4;6;6;3;8;6;5;3;5;6;5;7;3;5;4;4;6;7
1658;4;4;5;3;7;5;6;3;4;6;4;5;3;5;3;4;3;6
1659;4;5;7;3;6;4;4;3;5;6;5;5;3;4;4;4;4;8
1660;4;4;5;5;6;5;6;3;4;6;5;6;5;4;4;6;4;6
1661;4;7;5;3;7;5;5;4;5;8;9;5;5;5;5;8;3;5
1662;4;4;4;4;6;6;6;4;5;9;6;5;5;6;3;4;6;6
1663;3;5;4;5;7;6;5;4;4;6;4;5;4;5;3;5;5;6
1664;6;4;5;5;6;4;4;4;4;6;5;6;3;6;3;5;3;4
1665;4;5;5;3;4;7;7;3;5;5;7;6;3;4;3;5;5;5
1666;3;3;3;3;4;4;4;3;4;5;4;5;4;4;4;4;4;5
1667;5;4;5;4;6;5;5;3;5;6;5;5;5;5;7;5;3;8
1668;6;5;8;4;6;4;7;3;4;6;6;4;3;5;5;4;3;4
1669;3;3;5;3;5;3;5;3;4;5;4;4;3;4;4;5;4;4
1670;4;7;4;4;5;4;3;3;5;6;4;6;3;5;4;4;4;4
1671;4;4;4;3;4;4;5;3;4;5;4;5;3;4;3;4;3;5
1672;4;3;4;3;6;6;3;3;5;6;4;6;3;4;3;4;3;4
1673;4;3;5;6;6;4;6;3;5;6;7;4;3;6;4;5;4;4
1674;4;4;3;5;4;4;3;4;4;5;4;5;4;5;5;4;3;5
1675;3;3;3;3;5;4;5;3;4;5;5;6;3;4;4;4;4;5
1676;7;4;6;5;9;7;3;5;4;7;5;5;4;4;3;4;6;5
1677;4;4;3;3;5;4;4;3;5;5;4;4;3;3;4;4;4;4
1678;6;4;6;3;5;3;5;3;4;6;6;4;3;4;4;6;3;4
1679;5;5;5;4;5;6;5;3;5;6;5;5;3;3;4;5;3;5
1680;5;5;5;3;7;4;4;4;4;6;4;5;6;5;4;4;3;7
1681;4;4;4;3;5;4;3;4;4;5;7;5;4;5;3;4;4;4
1682;4;4;3;4;6;5;4;4;3;6;5;6;3;5;4;3;4;4
1683;3;3;3;4;6;5;7;3;4;6;5;6;4;4;5;5;4;5
1684;3;3;4;3;5;5;4;3;4;5;3;5;3;4;3;5;4;4
1685;7;3;6;4;5;3;5;3;7;4;7;5;3;3;3;5;4;5
1686;5;4;5;4;6;4;6;5;4;5;6;5;6;5;4;7;4;8
1687;5;3;5;3;6;4;5;4;5;6;4;7;4;6;3;7;4;5
1688;4;4;6;4;6;4;5;3;5;5;5;4;3;4;3;4;4;5
1689;4;6;3;4;8;5;5;4;5;5;7;5;4;7;6;6;5;6
1690;5;6;7;4;7;4;7;4;6;7;6;5;3;5;4;6;6;7
1691;3;4;4;4;7;4;5;5;5;7;4;5;3;5;3;4;4;6
1692;3;3;4;4;7;5;3;3;4;7;6;5;3;5;4;4;3;4
1693;3;5;3;4;8;5;7;4;5;5;7;5;4;7;6;6;6;8
1694;6;4;5;4;5;5;5;5;6;6;4;6;4;6;6;4;3;7
1695;4;5;5;3;6;5;3;4;5;6;5;6;4;5;4;4;4;7
1696;4;4;7;3;7;4;5;3;5;6;5;3;3;5;5;6;3;4
1697;5;4;4;4;6;5;4;3;5;5;4;4;4;3;4;4;3;5
1698;6;3;4;4;6;6;4;3;4;4;5;6;3;6;3;4;3;4
1699;4;5;3;3;6;6;6;4;5;7;4;4;4;5;4;5;3;7
1700;4;3;4;3;5;5;4;4;4;6;5;5;3;6;3;4;3;6
1701;7;4;3;4;5;6;6;3;5;6;6;6;4;5;4;5;4;4
1702;3;5;5;4;6;6;5;5;5;6;5;5;3;6;3;3;3;5
1703;7;6;4;4;6;4;4;4;4;6;6;6;4;7;3;4;3;6
1704;4;4;4;3;5;4;4;3;5;6;4;5;5;3;3;4;3;4
1705;4;7;6;3;8;4;5;3;5;6;6;5;3;5;3;7;3;6
1706;3;4;3;3;7;7;3;3;6;6;5;5;3;5;3;6;3;5
1707;5;4;5;4;6;4;5;3;4;7;4;4;4;5;3;5;3;6
1708;3;5;3;4;5;5;6;3;6;7;3;3;3;5;3;4;3;5
1709;4;4;5;3;5;4;5;3;6;5;4;4;3;3;3;4;4;4
1710;4;5;6;3;6;5;5;3;4;7;5;5;4;7;4;5;3;4
1711;4;6;6;4;6;4;5;3;5;4;6;3;4;5;4;5;4;5
1712;5;3;4;3;6;8;5;3;3;8;5;5;3;6;3;6;5;5
1713;6;4;4;3;6;6;4;3;5;7;4;6;3;6;4;5;4;8
1714;4;5;4;4;7;4;5;5;5;7;4;5;4;5;4;4;4;4
1715;5;4;4;3;8;3;5;3;5;6;6;4;3;5;4;5;3;3
1716;4;7;6;4;5;4;5;3;4;6;30;6;3;5;4;5;3;4
1717;8;4;6;4;5;4;5;3;7;4;7;6;3;4;3;5;4;6
1718;4;4;4;3;7;4;5;3;5;5;5;4;3;4;4;6;3;4
1719;4;4;5;3;5;4;4;4;4;5;8;5;4;5;3;4;4;5
1720;4;4;3;3;5;5;3;3;4;4;5;5;4;4;4;5;4;4
1721;5;6;6;3;7;5;8;5;5;5;7;5;6;6;5;5;3;6
1722;3;6;4;4;5;7;6;3;6;7;3;4;3;6;3;4;3;6
1723;3;3;6;3;6;4;3;3;4;6;4;4;3;4;4;6;3;4
1724;5;5;4;4;6;4;4;6;5;6;5;5;4;5;3;4;4;4
1725;4;4;3;4;9;5;6;3;5;5;3;4;4;4;4;5;3;4
1726;5;4;4;6;8;5;4;4;6;6;5;5;5;4;4;4;4;4
1727;6;5;6;4;6;4;6;3;4;6;7;6;7;4;3;5;3;5
1728;6;6;7;5;5;4;5;5;5;6;4;5;3;4;4;5;3;5
1729;3;5;7;3;5;4;3;3;4;5;3;4;3;7;3;4;3;4
1730;5;4;5;3;5;5;5;4;4;5;5;5;4;6;4;4;3;6
1731;5;4;5;6;6;6;6;3;5;6;8;5;4;7;4;5;4;5
1732;4;4;5;4;6;4;5;4;4;5;4;5;3;4;4;6;4;5
1733;33;5;5;3;8;6;6;4;7;7;4;8;4;5;3;5;5;5
1734;4;4;4;3;5;4;4;3;4;6;3;7;5;4;3;5;3;4
1735;4;3;6;4;6;5;6;3;4;5;5;5;3;5;4;4;4;6
1736;4;5;4;3;4;6;4;4;6;5;4;5;5;6;3;5;4;4
1737;3;3;5;3;7;4;5;3;4;5;5;4;3;4;3;5;3;3
1738;3;3;4;4;4;5;4;3;4;7;4;4;3;4;3;4;3;7
1739;6;6;4;4;7;5;4;5;4;7;5;5;3;6;4;5;3;7
1740;4;5;3;4;6;6;4;4;5;7;5;4;3;4;3;4;3;4
1741;4;4;4;3;5;9;4;4;5;8;4;5;3;5;3;5;3;4
1742;6;4;3;4;5;5;4;4;6;6;6;5;7;6;6;3;4;5
1743;4;5;5;3;6;5;5;3;4;6;7;5;4;6;4;5;3;5
1744;5;4;5;4;7;5;5;4;5;6;7;6;5;6;3;5;3;4
1745;3;3;4;4;6;4;5;4;4;5;4;5;3;4;4;6;4;5
1746;3;4;5;3;6;6;4;4;5;8;5;6;3;5;3;5;4;5
1747;7;6;4;4;6;4;4;4;4;6;5;6;4;7;3;4;3;6
1748;4;3;3;5;6;4;6;3;5;6;4;4;3;4;4;4;3;4
1749;7;4;6;4;5;3;7;4;5;7;6;5;4;5;3;5;3;6
1750;4;4;4;3;7;4;4;4;4;6;4;5;6;5;4;4;3;7
1751;4;4;4;4;8;5;5;5;4;8;4;6;3;6;3;6;4;8
1752;5;4;4;5;5;4;4;3;3;6;6;4;4;4;4;4;3;5
1753;3;3;4;3;5;4;5;4;4;5;4;5;3;5;4;5;4;5
1754;4;5;5;3;5;6;4;3;5;7;7;6;5;4;5;5;4;5
1755;4;5;3;3;6;4;6;3;5;7;4;3;3;4;4;5;3;6
1756;5;3;4;3;6;5;4;4;4;5;4;5;4;6;4;4;3;5
1757;5;3;4;3;6;4;4;3;4;7;5;6;3;4;4;4;3;7
1758;4;5;4;3;7;5;4;3;6;5;6;4;3;4;3;6;3;4
1759;4;6;4;4;6;5;4;3;5;4;5;4;4;6;4;5;4;4
1760;4;4;3;4;7;5;4;4;4;7;6;6;3;5;3;4;3;4
1761;7;5;4;4;6;5;4;3;4;5;4;5;3;5;3;5;3;5
1762;5;5;4;4;6;6;4;4;5;9;6;5;5;6;3;4;5;4
1763;3;3;5;4;7;5;4;3;4;6;7;5;3;5;4;4;3;5
1764;5;6;5;4;5;4;6;5;5;5;4;5;4;5;4;5;4;5
1765;4;3;4;5;7;5;6;6;4;5;5;5;4;5;3;5;3;6
1766;5;7;6;3;7;4;5;3;4;7;6;4;3;5;3;5;3;4
1767;4;3;8;3;5;4;4;4;5;8;4;4;3;4;3;4;3;4
1768;3;4;6;3;6;4;5;3;5;7;5;5;3;4;4;5;4;4
1769;5;5;5;3;6;4;5;4;4;5;4;6;5;5;3;6;3;5
1770;5;6;4;7;6;6;6;4;6;6;4;7;4;5;5;5;3;5
1771;5;3;3;4;5;4;4;4;4;6;4;5;3;4;4;4;3;5
1772;4;5;5;3;4;6;5;4;6;5;4;5;5;6;3;5;4;5
1773;4;4;3;4;5;6;3;4;4;5;6;5;4;4;4;7;3;4
1774;3;3;3;4;6;4;3;3;4;7;3;6;3;5;3;4;4;5
1775;5;4;5;3;5;5;6;4;7;6;6;6;6;6;4;5;4;5
1776;7;4;7;5;9;7;4;5;4;7;6;5;4;4;3;4;6;7
1777;4;5;3;3;6;7;4;5;5;7;4;5;3;4;4;4;3;5
1778;7;5;6;3;6;4;5;3;5;6;4;5;3;5;5;5;4;7
1779;6;4;5;5;6;5;3;3;4;6;5;5;3;5;4;6;3;6
1780;6;4;5;3;6;5;4;4;4;5;4;5;4;6;4;4;3;5
1781;4;4;6;3;5;4;5;3;4;8;7;5;3;5;3;5;6;7
1782;5;5;4;4;7;5;4;4;5;7;5;5;3;5;3;6;3;4
1783;6;7;5;4;5;4;5;3;4;6;5;4;4;5;3;4;3;4
1784;3;7;5;3;4;3;5;3;4;6;5;4;3;4;3;5;6;3
1785;3;5;3;3;5;5;5;4;3;6;4;4;3;5;3;4;3;5
1786;4;5;6;3;5;4;4;3;5;7;6;5;5;3;5;5;4;4
1787;4;5;3;4;8;5;3;3;7;4;4;6;4;4;3;5;3;4
1788;4;4;5;3;5;6;5;4;4;8;7;6;4;6;3;5;6;8
1789;6;5;4;3;6;5;6;6;4;7;4;6;3;5;5;4;4;6
1790;4;4;4;3;5;4;4;3;4;5;4;5;3;4;3;4;3;5
1791;4;4;4;3;5;6;4;4;4;9;6;6;4;6;3;5;6;6
1792;6;6;6;4;6;4;5;3;6;5;6;7;5;6;5;5;5;5
1793;4;5;6;4;7;3;6;4;5;6;4;4;3;4;4;4;4;5
1794;4;4;4;3;5;4;5;3;4;5;4;5;4;4;3;4;4;4
1795;3;3;4;3;4;6;5;4;4;5;4;6;4;5;3;4;3;5
1796;4;4;3;4;6;4;4;4;4;5;4;5;4;4;5;4;3;7
1797;5;6;6;3;6;5;4;4;4;6;6;6;4;6;3;6;4;6
1798;5;4;4;4;6;6;5;4;4;7;6;7;6;5;3;5;3;6
1799;4;5;6;3;6;4;9;3;4;7;4;4;3;4;5;5;4;4
1800;4;5;7;4;6;5;5;6;4;5;7;8;3;6;5;4;5;7
1801;5;5;6;5;8;3;4;3;5;6;4;3;4;3;4;7;3;5
1802;7;7;4;4;6;5;5;4;4;6;4;6;4;5;4;4;3;5
1803;4;4;3;3;8;4;3;5;4;7;4;5;3;4;3;5;3;3
1804;3;5;5;4;5;6;5;4;7;8;7;7;4;7;6;6;6;6
1805;5;4;4;5;7;5;5;6;4;6;5;5;4;5;3;5;3;4
1806;4;5;6;3;6;6;7;5;4;6;6;6;5;5;5;4;5;6
1807;5;5;5;3;6;7;5;3;4;8;6;6;4;5;5;5;3;6
1808;5;5;5;3;7;4;4;3;4;6;6;4;3;5;3;5;4;6
1809;6;4;6;3;6;4;5;3;4;6;5;4;3;5;3;6;4;7
1810;4;3;4;4;6;4;4;3;4;8;4;4;3;5;3;5;3;6
1811;4;4;4;4;6;4;7;3;4;6;5;5;3;3;5;5;4;4
1812;4;3;3;4;5;5;4;3;4;4;7;7;4;5;3;6;3;6
1813;3;4;5;4;6;5;4;5;4;6;5;6;4;6;3;5;4;4
1814;4;4;3;3;7;6;4;4;5;5;5;5;4;5;4;6;3;4
1815;5;5;4;3;7;3;4;3;4;4;6;5;4;5;3;4;6;5
1816;4;4;4;3;5;5;6;5;5;6;4;6;3;4;4;4;4;5
1817;3;3;5;4;6;3;5;3;4;5;4;4;3;3;4;6;4;4
1818;3;4;5;5;6;5;5;4;4;5;6;5;4;5;5;5;4;5
1819;4;6;4;3;6;4;7;5;6;5;5;5;4;6;3;5;3;6
1820;3;4;5;3;6;4;5;3;4;6;6;4;3;5;4;5;3;4
1821;4;5;3;3;6;5;4;4;5;7;4;4;3;3;4;4;3;4
1822;5;7;7;3;8;6;5;3;5;6;6;7;3;5;4;4;5;7
1823;6;4;6;4;5;4;5;4;6;6;4;5;3;5;6;4;3;6
1824;5;8;5;4;7;6;4;3;4;6;4;5;4;5;4;5;3;5
1825;7;6;4;4;6;3;4;3;4;6;5;5;3;6;3;4;3;5
1826;4;5;4;3;7;7;4;3;6;5;6;5;3;5;3;6;3;5
1827;4;5;3;3;8;3;5;3;4;5;3;5;3;4;3;5;3;6
1828;4;4;7;3;8;6;6;6;8;6;4;7;4;4;6;7;3;4
1829;5;5;6;5;5;4;5;5;5;6;4;5;3;4;4;5;3;5
1830;5;6;6;4;5;3;6;4;5;5;4;4;3;4;4;5;4;4
1831;5;4;6;6;6;4;6;3;5;6;7;4;3;6;4;5;4;4
1832;4;5;5;3;4;7;7;3;5;6;6;6;3;4;3;5;5;4
1833;6;4;6;3;6;6;6;3;3;7;5;4;3;5;4;6;5;4
1834;4;4;4;3;8;4;4;5;4;6;4;5;3;4;3;5;3;4
1835;7;4;5;4;6;4;6;4;6;6;4;7;5;5;3;5;4;7
1836;7;5;6;4;7;4;5;3;6;7;5;4;4;5;4;8;4;5
1837;4;5;6;3;6;6;7;5;4;6;6;6;5;5;5;4;5;6
1838;3;4;3;3;6;6;6;4;5;7;4;4;4;5;4;5;3;7
1839;5;6;7;3;6;4;4;3;4;6;5;5;3;5;3;6;4;5
1840;5;4;6;3;6;4;5;3;5;6;5;4;3;4;3;6;3;4
1841;6;7;6;4;5;4;6;3;4;5;5;4;4;5;3;4;3;5
1842;7;4;8;5;9;5;4;4;4;7;5;4;3;3;3;4;6;6
1843;5;7;5;3;6;5;5;3;4;6;5;6;5;5;5;5;4;5
1844;5;5;5;3;5;5;5;3;6;5;4;5;3;4;3;4;4;5
1845;6;7;5;7;6;6;6;4;6;6;4;7;4;5;5;5;3;5
1846;3;3;5;4;5;3;5;3;4;5;4;4;3;5;3;5;3;4
1847;30;5;4;3;8;6;4;4;7;7;4;8;4;5;3;5;5;4
1848;6;5;6;3;6;4;5;3;3;5;4;5;3;4;4;5;6;4
1849;5;5;6;4;6;4;5;5;4;6;4;5;3;4;3;5;4;5
1850;3;4;4;4;5;6;4;5;3;7;3;4;3;3;3;4;4;5
1851;4;4;5;4;5;4;5;3;5;6;5;4;3;3;4;5;3;4
1852;5;5;4;3;7;4;3;4;6;7;5;6;5;5;3;4;6;4
1853;4;5;8;4;6;4;5;4;4;5;6;7;3;5;5;4;5;6
1854;3;5;6;4;6;4;5;4;5;6;5;4;3;5;3;3;3;4
1855;5;5;6;3;7;3;4;3;6;7;5;5;4;4;3;4;6;5
1856;6;5;4;4;5;4;4;4;4;5;5;6;4;6;4;5;3;4
1857;3;5;4;4;5;6;4;5;3;6;3;4;4;3;3;4;4;4
1858;5;4;6;3;6;4;5;3;4;5;5;4;3;3;3;5;3;3
1859;5;7;6;3;7;6;5;3;7;6;5;4;4;5;5;4;3;5
1860;5;6;7;4;6;5;5;4;5;5;6;5;4;6;5;4;4;6
1861;5;6;4;3;8;4;5;3;4;5;3;6;3;5;3;5;3;7
1862;4;4;4;5;6;4;5;4;4;5;6;4;5;4;4;4;4;5
1863;3;4;3;3;5;5;5;3;4;7;6;7;4;4;4;4;3;6
1864;5;3;4;3;4;4;4;3;4;5;6;4;4;6;4;4;3;3
1865;4;4;3;4;6;4;4;3;4;6;3;6;4;5;4;4;4;5
1866;7;4;5;4;5;4;7;3;5;7;6;6;5;6;3;5;3;7
1867;4;5;3;4;5;4;7;3;5;7;5;4;3;5;4;4;6;5
1868;5;4;3;3;6;5;5;4;4;6;3;5;4;4;4;4;3;4
1869;4;4;3;3;9;6;4;3;5;6;6;7;3;5;3;5;3;5
1870;5;4;5;3;5;4;5;5;5;5;5;5;6;3;4;4;5;5
1871;5;5;5;4;6;4;5;6;5;6;5;30;4;5;3;4;4;6
1872;5;4;3;5;5;5;3;3;3;6;5;5;5;5;4;4;3;4
1873;4;4;4;3;7;4;3;4;4;7;4;5;4;5;3;4;3;7
1874;3;4;4;4;6;4;3;4;4;6;4;4;3;6;3;5;4;5
1875;5;5;4;3;6;7;4;3;4;8;5;6;4;5;5;5;3;4
1876;4;4;4;4;9;5;8;3;5;5;3;4;4;4;4;5;3;5
1877;4;4;6;3;5;3;6;3;3;5;6;4;3;3;4;5;3;4
1878;4;4;4;3;6;3;4;3;5;5;4;4;3;4;4;5;4;3
1879;3;3;3;3;5;5;3;3;5;6;4;5;3;4;3;4;4;5
1880;4;4;3;4;5;4;3;4;4;6;4;5;3;5;4;4;4;4
1881;4;4;8;3;6;4;4;4;4;5;6;5;3;4;4;6;4;4
1882;5;4;4;3;5;5;4;4;7;6;5;6;6;6;4;5;4;4
1883;4;3;5;3;5;3;5;4;5;5;5;4;5;3;4;4;6;4
1884;5;7;7;3;7;4;5;3;7;6;5;3;3;4;5;4;3;4
1885;4;4;4;4;5;4;4;4;4;5;4;5;3;5;4;4;4;6
1886;6;4;4;4;7;5;5;5;4;6;4;5;4;6;3;6;5;5
1887;4;4;4;4;5;3;4;3;4;5;4;4;3;4;4;4;4;5
1888;6;4;4;4;7;7;3;3;4;4;4;4;4;5;4;3;3;4
1889;3;4;6;3;6;5;5;3;4;7;5;5;3;7;3;5;3;5
1890;4;5;4;4;8;5;4;3;7;4;4;6;4;4;3;5;3;5
1891;5;4;6;5;7;4;6;4;4;5;6;4;3;4;3;5;3;5
1892;3;3;5;4;6;5;5;3;4;6;5;5;3;5;3;4;4;6
1893;3;5;6;4;5;4;5;3;7;8;8;6;3;6;6;6;6;5
1894;4;5;5;4;5;5;6;3;4;5;4;5;4;6;3;4;3;4
1895;6;5;4;5;6;5;5;4;5;5;5;6;6;4;3;5;3;5
1896;5;3;5;3;8;6;4;3;5;9;3;6;3;6;3;5;3;7
1897;4;6;5;4;6;5;5;3;5;4;6;4;4;6;4;5;4;6
1898;6;4;6;3;8;6;5;3;5;8;3;6;4;6;3;5;3;7
1899;4;5;6;3;5;6;4;5;4;5;4;6;5;5;3;4;3;5
1900;9;4;4;3;8;6;5;4;7;8;4;8;3;5;3;5;5;5
1901;5;5;6;3;6;5;5;3;4;8;5;5;3;4;5;5;3;5
1902;4;3;4;5;6;5;4;4;5;6;6;5;3;8;3;6;3;6
1903;3;3;5;4;6;5;6;3;4;5;5;5;3;5;4;4;4;6
1904;3;5;3;3;5;4;6;3;3;5;4;3;3;4;4;4;4;5
1905;4;5;4;3;5;4;5;3;4;7;6;6;3;3;4;4;3;5
1906;4;4;4;3;8;4;4;5;4;6;4;5;3;4;3;5;3;4
1907;5;4;5;4;5;4;6;3;4;5;4;6;4;4;3;4;3;4
1908;5;4;3;4;7;6;4;5;7;6;4;7;3;5;4;4;5;5
1909;4;3;3;5;5;4;4;3;3;6;5;4;4;4;4;4;3;5
1910;3;5;3;4;5;5;4;3;4;5;5;5;4;5;3;4;3;3
1911;5;4;4;3;5;5;4;3;4;6;7;4;4;5;3;5;4;6
1912;3;4;5;4;6;3;4;3;4;5;4;3;3;5;3;5;4;4
1913;4;5;3;3;6;6;5;4;5;8;4;4;4;5;4;5;3;5
1914;5;5;5;4;6;4;5;6;5;6;6;6;4;5;3;4;4;6
1915;8;4;6;4;5;4;5;3;7;4;8;6;3;4;3;5;4;6
1916;4;6;5;4;6;5;5;3;5;4;5;4;4;6;4;5;4;6
1917;4;4;6;7;5;4;5;4;4;4;5;5;4;3;5;5;3;4
1918;7;6;4;4;5;6;4;4;6;6;6;6;3;5;5;4;3;4
1919;5;5;5;3;6;4;4;6;5;6;8;5;3;4;3;5;3;5
1920;4;4;4;4;6;3;7;3;5;6;5;5;3;4;4;5;3;4
1921;5;6;5;4;7;5;4;4;5;7;5;6;5;30;3;5;3;6
1922;5;5;4;3;6;4;4;4;4;5;4;6;5;5;3;6;3;4
1923;5;7;5;3;7;6;5;3;4;7;5;5;4;6;3;5;3;5
1924;4;5;5;3;5;3;4;3;4;4;5;4;3;4;4;4;3;6
1925;4;6;5;3;7;6;5;3;7;6;5;4;4;5;5;4;3;5
1926;4;4;5;3;5;4;6;3;3;5;6;5;4;3;4;5;3;5
1927;4;4;7;4;6;4;5;3;4;5;4;5;3;5;4;6;6;7
1928;4;5;5;3;6;6;6;5;4;7;5;6;5;5;5;4;5;4
1929;5;6;4;3;6;4;4;4;4;6;4;8;5;9;3;4;3;4
1930;3;3;4;3;5;9;5;4;5;7;4;5;3;5;3;5;3;5
1931;4;3;7;4;6;5;3;3;5;7;5;6;4;6;3;5;4;7
1932;4;4;5;3;6;5;5;3;4;8;5;5;3;4;5;5;3;5
1933;4;4;5;3;5;9;5;4;5;7;4;5;3;5;3;5;3;5
1934;7;5;6;5;6;5;4;3;4;5;6;5;4;5;5;6;3;6
1935;5;3;4;3;4;5;4;3;4;5;5;5;5;7;4;4;3;4
1936;4;4;3;4;5;6;3;4;4;6;6;5;4;4;4;7;3;4
1937;4;5;5;3;5;6;4;3;5;7;6;6;5;4;5;5;4;5
1938;3;5;5;3;6;6;4;4;5;8;5;6;4;5;4;5;4;4
1939;4;4;5;5;5;6;4;4;4;5;4;6;3;5;8;4;3;6
1940;6;5;5;3;6;5;5;3;5;6;7;6;4;4;3;5;3;5
1941;4;5;4;3;7;7;4;3;6;5;6;5;3;5;3;6;3;5
1942;6;5;5;3;6;6;5;3;3;5;4;6;3;5;4;5;6;5
1943;4;4;6;4;6;4;4;4;4;7;7;4;3;4;3;5;4;3
1944;4;3;3;4;5;3;4;3;6;4;4;5;5;4;3;4;3;4
1945;3;5;3;4;5;7;6;3;6;7;3;4;3;6;3;4;3;6
1946;4;3;3;4;7;6;4;5;7;7;4;7;3;5;3;4;5;7
1947;4;6;4;3;6;5;6;3;5;6;4;5;3;5;4;5;3;4
1948;5;4;6;4;8;4;6;3;5;6;6;5;3;5;3;5;3;6
1949;4;4;6;3;5;4;5;3;4;8;6;5;3;5;3;5;6;7
1950;4;5;5;4;6;4;6;3;4;5;5;4;3;4;4;5;4;6
1951;4;4;5;4;5;6;4;4;5;5;5;5;5;4;5;4;3;5
1952;4;5;5;3;4;7;6;3;5;5;6;6;3;4;3;5;5;4
1953;3;4;3;3;6;7;3;5;5;8;4;5;3;4;3;4;3;5
1954;4;4;8;4;7;4;5;3;5;6;3;6;5;3;4;4;3;5
1955;5;5;5;4;6;6;6;4;5;9;7;5;5;6;3;4;5;6
1956;3;3;7;3;6;4;5;4;5;7;5;7;4;7;3;6;3;5
1957;5;4;3;4;7;6;4;5;7;7;4;7;3;5;4;4;5;5
1958;3;3;3;3;7;6;5;4;5;5;5;5;4;5;4;6;3;5
1959;5;4;3;5;7;4;4;5;5;6;5;5;3;5;3;4;4;6
1960;4;3;7;3;5;6;4;5;5;8;4;5;4;5;3;4;3;5
1961;4;5;3;4;7;6;5;4;4;7;5;5;4;6;3;6;4;6
1962;6;8;4;7;4;7;7;4;5;8;6;6;5;8;4;8;5;7
1963;5;4;4;4;5;4;4;3;4;4;4;4;6;5;3;4;3;5
1964;7;6;5;5;6;6;8;3;5;5;6;5;4;5;3;6;3;7
1965;3;3;4;3;5;6;5;4;4;8;6;6;4;6;3;5;7;8
1966;3;4;5;4;5;4;6;3;4;5;4;4;3;5;3;4;3;3
1967;5;4;6;4;8;4;5;3;4;7;6;4;3;5;3;3;4;6
1968;3;6;4;3;8;5;4;4;5;7;5;6;3;6;3;7;3;7
1969;5;5;6;3;5;4;5;3;6;5;4;4;3;3;3;4;4;4
1970;6;5;7;4;6;5;7;3;4;6;6;5;3;6;5;4;3;5
1971;4;5;6;3;6;4;9;3;4;7;4;4;3;4;5;5;4;4
1972;4;5;7;3;6;5;6;3;4;6;6;5;4;7;4;5;3;5
1973;4;6;4;3;6;5;6;3;5;6;4;5;3;5;4;5;3;4
1974;4;5;3;3;7;7;3;3;6;5;5;5;3;5;3;6;3;4
1975;4;7;6;4;6;4;4;4;4;7;7;8;3;5;4;5;5;7
1976;5;4;5;3;6;5;5;5;4;6;4;5;3;5;4;5;3;6
1977;3;5;6;5;5;4;4;3;4;4;4;4;3;3;4;5;4;4
1978;4;4;4;4;5;6;4;4;4;5;7;5;4;4;4;7;3;5
1979;7;4;3;4;5;6;5;3;5;5;6;6;4;5;4;5;4;4
1980;4;4;5;5;5;6;4;4;4;5;4;6;3;5;8;4;3;6
1981;4;4;5;4;5;6;4;4;5;5;5;5;3;5;3;4;3;4
1982;3;5;7;3;6;4;5;3;5;7;5;5;3;4;4;5;4;4
1983;5;5;6;3;7;3;4;3;4;6;4;4;5;4;4;4;3;6
1984;3;3;4;3;5;4;3;4;4;6;7;5;3;5;3;4;4;5
1985;4;5;7;3;5;4;4;4;4;5;4;5;4;4;3;4;3;4
1986;4;5;4;4;8;4;4;3;7;4;4;5;3;3;3;5;3;4
1987;4;8;5;3;4;4;5;3;4;6;5;5;3;5;3;5;5;4
1988;5;4;6;5;6;4;5;3;5;5;6;4;3;7;3;6;3;5
1989;5;6;4;7;6;6;5;4;6;7;4;7;3;5;4;5;3;5
1990;5;5;4;5;9;9;6;4;5;7;4;5;5;4;4;4;4;7
1991;4;3;3;4;6;5;4;3;5;5;4;4;5;3;4;4;3;5
1992;4;3;5;4;8;4;6;3;5;6;6;5;3;5;3;5;3;6
1993;4;3;4;4;8;6;5;3;4;7;5;5;4;6;3;3;4;7
1994;3;4;3;4;8;4;4;3;7;4;4;5;3;3;3;5;3;4
1995;6;4;4;4;5;4;6;3;6;6;7;4;6;5;6;3;4;6
1996;5;6;6;4;5;3;6;3;4;5;5;3;3;4;3;4;3;4
1997;4;4;5;4;5;6;3;4;5;6;5;5;4;4;4;4;3;5
1998;4;4;3;4;5;4;3;3;4;6;5;6;4;5;3;4;3;3
1999;3;5;4;4;5;6;4;4;7;8;7;7;4;7;6;6;6;4
2000;4;3;3;4;6;5;4;5;4;6;4;4;4;5;3;3;4;5
